Account,Date,Transaction_Type,Transaction_Amount,Wallet_Impact,Balance,Recipient_Number,Is_Fraud
USER_9,2025-07-01 00:00:00,Pay Bill,0,-0.0,1000.0,(226)562-4861x9378,1
USER_10,2025-07-01 00:02:00,Withdraw,0,-0.0,1000.0,8118496092,0
USER_10,2025-07-01 00:04:00,Withdraw,0,0.0,1000.0,(306)591-1828,0
USER_7,2025-07-01 00:04:00,Send Money,0,0.0,1000.0,369-621-3173,0
USER_4,2025-07-01 00:06:00,Deposit,0,-0.0,1000.0,525-413-4143,1
USER_2,2025-07-01 00:12:00,Send Money,0,-0.0,1000.0,2143852594,1
USER_6,2025-07-01 00:12:00,Buy Goods,23,0.23,1000.23,001-901-243-6080x1594,1
USER_1,2025-07-01 00:12:00,Send Money,11,-0.15,999.85,001-753-992-7731x257,0
USER_9,2025-07-01 00:14:00,Pay Bill,0,0.0,1000.0,473.510.8626,1
USER_3,2025-07-01 00:16:00,Send Money,2,-0.02,999.98,+1-320-499-4995,1
USER_10,2025-07-01 00:20:00,Deposit,2,0.03,1000.03,+1-794-605-9600x1885,0
USER_6,2025-07-01 00:20:00,Deposit,0,-0.0,1000.23,907.561.4133,0
USER_6,2025-07-01 00:20:00,Withdraw,0,-0.0,1000.23,001-570-853-3756x23930,0
USER_5,2025-07-01 00:22:00,Buy Goods,1,-0.01,999.99,896-634-2587x8800,1
USER_3,2025-07-01 00:30:00,Deposit,0,0.0,999.98,+1-623-363-1885x462,0
USER_4,2025-07-01 00:30:00,Withdraw,2,0.01,1000.01,695-981-6186x4022,1
USER_8,2025-07-01 00:32:00,Pay Bill,0,0.0,1000.0,245-862-3383,1
USER_10,2025-07-01 00:32:00,Withdraw,0,-0.0,1000.03,+1-839-476-4232x4913,1
USER_8,2025-07-01 00:32:00,Withdraw,3,-0.02,999.98,573.565.8553x5138,1
USER_7,2025-07-01 00:32:00,Withdraw,19,0.04,1000.04,713-578-1474,0
USER_5,2025-07-01 00:32:00,Pay Bill,0,-0.0,999.99,001-237-333-3720x73562,0
USER_4,2025-07-01 00:34:00,Send Money,1,-0.0,1000.01,(263)324-8324x268,1
USER_4,2025-07-01 00:36:00,Deposit,0,0.0,1000.01,(935)430-3604,0
USER_5,2025-07-01 00:38:00,Send Money,125,-0.75,999.24,578-823-0650x551,0
USER_6,2025-07-01 00:40:00,Pay Bill,0,-0.0,1000.23,(399)575-0897,1
USER_3,2025-07-01 00:42:00,Deposit,18,0.06,1000.04,001-439-977-9645x74098,1
USER_10,2025-07-01 00:42:00,Send Money,1,-0.01,1000.02,601-306-3194x27818,0
USER_8,2025-07-01 00:48:00,Send Money,0,0.0,999.98,629-988-8167,1
USER_9,2025-07-01 00:48:00,Buy Goods,0,0.0,1000.0,325-203-8700,1
USER_1,2025-07-01 00:52:00,Withdraw,0,-0.0,999.85,731.430.8838,0
USER_5,2025-07-01 00:52:00,Withdraw,0,-0.0,999.24,(588)487-9617,0
USER_1,2025-07-01 00:56:00,Withdraw,0,-0.0,999.85,422.336.4098,0
USER_3,2025-07-01 00:56:00,Pay Bill,5,0.01,1000.05,(869)937-9717x6247,0
USER_4,2025-07-01 00:56:00,Withdraw,0,-0.0,1000.01,9617595505,1
USER_2,2025-07-01 00:56:00,Pay Bill,738,0.09,1000.09,(599)207-9139x80742,0
USER_9,2025-07-01 00:56:00,Withdraw,47,0.4,1000.4,(769)647-3243x48932,0
USER_9,2025-07-01 01:00:00,Deposit,1,-0.01,1000.39,+1-679-916-1518x11511,0
USER_10,2025-07-01 01:02:00,Send Money,0,-0.0,1000.02,877-697-1063x133,1
USER_9,2025-07-01 01:04:00,Withdraw,26,-0.29,1000.1,001-337-274-6837x426,0
USER_6,2025-07-01 01:06:00,Withdraw,5,-0.02,1000.21,001-522-858-0278x729,0
USER_5,2025-07-01 01:12:00,Buy Goods,45,0.14,999.38,753-585-8774,1
USER_6,2025-07-01 01:12:00,Withdraw,3,-0.0,1000.21,640.488.8806,1
USER_1,2025-07-01 01:14:00,Withdraw,6,0.06,999.91,538-574-4045x8450,1
USER_4,2025-07-01 01:16:00,Buy Goods,0,-0.0,1000.01,001-478-978-5325x602,1
USER_4,2025-07-01 01:16:00,Pay Bill,0,-0.0,1000.01,565.527.7541x788,0
USER_4,2025-07-01 01:16:00,Withdraw,0,0.0,1000.01,+1-452-861-9227,1
USER_1,2025-07-01 01:16:00,Buy Goods,16,0.03,999.94,+1-330-982-0020x187,1
USER_1,2025-07-01 01:18:00,Pay Bill,10,0.02,999.96,(242)853-1733,0
USER_3,2025-07-01 01:18:00,Buy Goods,1,0.02,1000.07,(782)802-5528,1
USER_1,2025-07-01 01:18:00,Buy Goods,0,0.0,999.96,747-566-7766,0
USER_5,2025-07-01 01:18:00,Withdraw,0,0.0,999.38,628-529-9363,1
USER_6,2025-07-01 01:20:00,Pay Bill,3,-0.03,1000.18,211-958-6654x966,0
USER_6,2025-07-01 01:22:00,Deposit,203,6.58,1006.76,(526)740-5960x34172,1
USER_7,2025-07-01 01:22:00,Deposit,42,-0.41,999.63,001-331-544-6147,0
USER_9,2025-07-01 01:26:00,Pay Bill,6,-0.05,1000.05,760-474-4626,1
USER_7,2025-07-01 01:30:00,Buy Goods,4,-0.04,999.59,001-901-573-5913x030,0
USER_2,2025-07-01 01:30:00,Withdraw,16,-0.16,999.93,410.883.9520,0
USER_10,2025-07-01 01:32:00,Send Money,0,-0.0,1000.02,(203)478-3101,0
USER_9,2025-07-01 01:32:00,Buy Goods,0,0.0,1000.05,+1-771-513-6339x6005,1
USER_1,2025-07-01 01:36:00,Pay Bill,20,-0.38,999.58,(337)817-2358,0
USER_2,2025-07-01 01:40:00,Send Money,1,0.01,999.94,7982580369,1
USER_6,2025-07-01 01:40:00,Buy Goods,0,-0.0,1006.76,4317192495,1
USER_5,2025-07-01 01:44:00,Send Money,5,-0.05,999.33,588-359-2587,0
USER_4,2025-07-01 01:46:00,Deposit,2,0.03,1000.04,001-741-625-2421x134,0
USER_5,2025-07-01 01:46:00,Deposit,0,0.0,999.33,+1-245-369-8768,0
USER_1,2025-07-01 01:48:00,Deposit,0,-0.0,999.58,830-886-9272x79593,1
USER_1,2025-07-01 01:48:00,Pay Bill,1,0.01,999.59,526.303.5070x019,1
USER_7,2025-07-01 01:48:00,Send Money,0,-0.0,999.59,001-211-747-0786x6445,1
USER_8,2025-07-01 01:56:00,Buy Goods,16,0.06,1000.04,(846)943-2167x00695,1
USER_6,2025-07-01 01:58:00,Withdraw,1,-0.01,1006.75,388-891-8136x9975,1
USER_1,2025-07-01 02:00:00,Deposit,0,-0.0,999.59,001-755-841-5692x0830,1
USER_6,2025-07-01 02:00:00,Buy Goods,0,-0.0,1006.75,353.876.5859,1
USER_8,2025-07-01 02:02:00,Buy Goods,1,-0.02,1000.02,879.258.6251x0131,1
USER_7,2025-07-01 02:02:00,Deposit,8,-0.03,999.56,(486)906-1278,1
USER_1,2025-07-01 02:04:00,Withdraw,2,0.02,999.61,(747)430-9735,1
USER_8,2025-07-01 02:04:00,Withdraw,11,0.05,1000.07,001-691-703-4506x56492,0
USER_1,2025-07-01 02:06:00,Pay Bill,0,0.0,999.61,001-323-663-7413x75973,0
USER_8,2025-07-01 02:16:00,Deposit,1,-0.01,1000.06,+1-873-964-4470x002,0
USER_8,2025-07-01 02:22:00,Send Money,41,0.26,1000.32,001-437-263-0778x940,1
USER_1,2025-07-01 02:24:00,Send Money,0,-0.0,999.61,310.627.9768x586,1
USER_4,2025-07-01 02:24:00,Buy Goods,5,0.0,1000.04,896-445-6927,1
USER_10,2025-07-01 02:28:00,Buy Goods,2,0.0,1000.02,001-971-869-0042,1
USER_1,2025-07-01 02:28:00,Deposit,0,0.0,999.61,920.524.6971x766,1
USER_1,2025-07-01 02:28:00,Send Money,163,0.26,999.87,+1-579-876-3182x80876,1
USER_2,2025-07-01 02:34:00,Send Money,0,-0.0,999.94,(976)905-5017x33044,0
USER_10,2025-07-01 02:36:00,Pay Bill,2,-0.0,1000.02,283.962.8706x6896,1
USER_3,2025-07-01 02:40:00,Deposit,2,-0.0,1000.07,+1-607-756-2413x78879,1
USER_10,2025-07-01 02:42:00,Deposit,1,0.0,1000.02,+1-856-539-7915x8529,0
USER_9,2025-07-01 02:42:00,Pay Bill,1,0.01,1000.06,(797)836-3896,1
USER_7,2025-07-01 02:46:00,Withdraw,1,0.01,999.57,650.323.5756,0
USER_4,2025-07-01 02:46:00,Pay Bill,1,0.0,1000.04,9955013254,1
USER_8,2025-07-01 02:46:00,Deposit,1,-0.01,1000.31,242-634-2438,1
USER_7,2025-07-01 02:46:00,Deposit,4,0.02,999.59,772.804.4535,1
USER_4,2025-07-01 02:48:00,Deposit,1,-0.0,1000.04,001-362-505-8493x49013,0
USER_10,2025-07-01 02:50:00,Buy Goods,3,-0.05,999.97,9459919067,0
USER_3,2025-07-01 02:50:00,Deposit,0,0.0,1000.07,2463214062,0
USER_5,2025-07-01 02:52:00,Pay Bill,40,-0.31,999.02,784.610.8774x26307,1
USER_3,2025-07-01 02:54:00,Buy Goods,2,-0.0,1000.07,001-679-238-8291x78570,0
USER_7,2025-07-01 02:54:00,Buy Goods,0,0.0,999.59,952.842.9956,0
USER_9,2025-07-01 02:56:00,Deposit,0,0.0,1000.06,741-706-3520x48979,0
USER_10,2025-07-01 02:56:00,Withdraw,0,-0.0,999.97,804.640.6723,0
USER_10,2025-07-01 02:58:00,Deposit,0,-0.0,999.97,547.480.9139,1
USER_6,2025-07-01 03:02:00,Deposit,0,-0.0,1006.75,(251)707-4557x6562,0
USER_7,2025-07-01 03:02:00,Buy Goods,1,0.0,999.59,857.642.4818x2651,1
USER_1,2025-07-01 03:10:00,Send Money,0,0.0,999.87,931.504.6766,1
USER_2,2025-07-01 03:14:00,Pay Bill,15,0.04,999.98,551-604-8887,0
USER_10,2025-07-01 03:14:00,Deposit,110,0.11,1000.08,(807)749-3753x502,1
USER_1,2025-07-01 03:16:00,Send Money,31,-0.48,999.39,350.613.6234x53560,0
USER_3,2025-07-01 03:16:00,Send Money,13,-0.15,999.92,001-785-544-6283x654,0
USER_10,2025-07-01 03:22:00,Withdraw,3,-0.09,999.99,+1-902-332-2451x3259,0
USER_8,2025-07-01 03:22:00,Send Money,7,0.04,1000.35,885-235-0631,0
USER_1,2025-07-01 03:24:00,Deposit,66,-0.78,998.61,001-808-976-8301,1
USER_3,2025-07-01 03:30:00,Withdraw,0,0.0,999.92,282-379-2298,1
USER_6,2025-07-01 03:30:00,Send Money,1,-0.0,1006.75,555-806-8676,1
USER_1,2025-07-01 03:32:00,Buy Goods,0,-0.0,998.61,481-616-4375x81465,0
USER_1,2025-07-01 03:34:00,Pay Bill,0,-0.0,998.61,566-663-1656,0
USER_8,2025-07-01 03:34:00,Send Money,0,0.0,1000.35,(494)994-5378x280,1
USER_8,2025-07-01 03:36:00,Pay Bill,0,0.0,1000.35,+1-230-226-8898x4709,1
USER_9,2025-07-01 03:40:00,Send Money,9,0.01,1000.07,202.270.1829,1
USER_7,2025-07-01 03:44:00,Buy Goods,0,0.0,999.59,(863)537-9356,1
USER_9,2025-07-01 03:44:00,Pay Bill,0,0.0,1000.07,001-446-858-4866x132,1
USER_2,2025-07-01 03:44:00,Buy Goods,0,0.0,999.98,3843332576,0
USER_5,2025-07-01 03:46:00,Deposit,16,0.0,999.02,407-572-1113,1
USER_10,2025-07-01 03:46:00,Buy Goods,2,0.04,1000.03,7964683284,0
USER_8,2025-07-01 03:48:00,Withdraw,0,-0.0,1000.35,(889)921-2972,0
USER_1,2025-07-01 03:48:00,Deposit,0,-0.0,998.61,494.679.2418x3710,1
USER_1,2025-07-01 03:50:00,Buy Goods,3,0.01,998.62,001-271-763-9847,0
USER_8,2025-07-01 03:52:00,Deposit,0,0.0,1000.35,818.613.1495x88000,1
USER_1,2025-07-01 03:52:00,Withdraw,0,0.0,998.62,+1-213-292-9356,0
USER_10,2025-07-01 03:56:00,Send Money,0,-0.0,1000.03,001-376-786-3121x571,1
USER_8,2025-07-01 03:58:00,Withdraw,0,0.0,1000.35,314.697.8544x18136,0
USER_10,2025-07-01 03:58:00,Pay Bill,2,-0.0,1000.03,911-796-8842,0
USER_2,2025-07-01 03:58:00,Send Money,10,0.02,1000.0,+1-558-968-9845x192,0
USER_10,2025-07-01 04:02:00,Buy Goods,4,-0.03,1000.0,373.964.5027,1
USER_9,2025-07-01 04:06:00,Deposit,0,0.0,1000.07,001-776-624-1566x44213,0
USER_8,2025-07-01 04:12:00,Withdraw,0,0.0,1000.35,580-391-5697x695,0
USER_6,2025-07-01 04:14:00,Deposit,3,0.07,1006.82,822.708.9647,1
USER_1,2025-07-01 04:14:00,Deposit,0,0.0,998.62,+1-448-396-4529,0
USER_8,2025-07-01 04:18:00,Buy Goods,5,-0.01,1000.34,+1-539-854-3543x41095,1
USER_9,2025-07-01 04:18:00,Withdraw,1,-0.0,1000.07,(291)200-8967x39843,1
USER_3,2025-07-01 04:20:00,Withdraw,0,0.0,999.92,+1-618-717-4119x647,0
USER_10,2025-07-01 04:20:00,Send Money,0,0.0,1000.0,+1-315-439-0456x76586,1
USER_2,2025-07-01 04:24:00,Withdraw,0,0.0,1000.0,290-274-3165,1
USER_8,2025-07-01 04:24:00,Withdraw,19,-0.16,1000.18,(592)354-3121x994,0
USER_4,2025-07-01 04:32:00,Withdraw,3,0.03,1000.07,761-876-3552x50335,1
USER_2,2025-07-01 04:32:00,Send Money,0,0.0,1000.0,869.920.3101x7613,1
USER_6,2025-07-01 04:38:00,Pay Bill,1,0.0,1006.82,+1-907-801-0826x4313,1
USER_1,2025-07-01 04:40:00,Deposit,22,-0.12,998.5,749.654.5520x052,1
USER_6,2025-07-01 04:40:00,Buy Goods,1,-0.01,1006.81,(519)613-7368x80584,1
USER_5,2025-07-01 04:42:00,Pay Bill,0,-0.0,999.02,+1-277-275-9979x1571,1
USER_1,2025-07-01 04:44:00,Withdraw,0,-0.0,998.5,(547)751-7178x685,0
USER_7,2025-07-01 04:46:00,Deposit,0,-0.0,999.59,600-488-8364,1
USER_5,2025-07-01 04:48:00,Withdraw,8,0.01,999.03,(438)425-7257,0
USER_9,2025-07-01 04:50:00,Withdraw,4,-0.02,1000.05,(249)473-6983,1
USER_3,2025-07-01 04:50:00,Buy Goods,0,-0.0,999.92,(820)479-9235x7735,1
USER_10,2025-07-01 04:52:00,Buy Goods,0,-0.0,1000.0,2199520484,0
USER_3,2025-07-01 04:52:00,Deposit,0,0.0,999.92,(948)348-6728,1
USER_6,2025-07-01 04:54:00,Buy Goods,2,-0.01,1006.8,001-567-553-6917,0
USER_7,2025-07-01 04:54:00,Deposit,0,-0.0,999.59,2024737025,1
USER_8,2025-07-01 04:56:00,Buy Goods,0,0.0,1000.18,672.881.3199x757,0
USER_4,2025-07-01 05:00:00,Send Money,4,-0.06,1000.01,891-573-3387,0
USER_10,2025-07-01 05:02:00,Buy Goods,0,-0.0,1000.0,(340)728-0978,0
USER_5,2025-07-01 05:04:00,Withdraw,0,0.0,999.03,915.716.0433x1416,1
USER_8,2025-07-01 05:04:00,Buy Goods,2,-0.0,1000.18,447.353.2041x4063,0
USER_3,2025-07-01 05:04:00,Deposit,15,-0.0,999.92,+1-496-704-3906x727,0
USER_6,2025-07-01 05:06:00,Buy Goods,0,0.0,1006.8,855.804.9779x645,1
USER_8,2025-07-01 05:10:00,Withdraw,11,0.13,1000.31,(871)241-8223,1
USER_8,2025-07-01 05:12:00,Deposit,0,0.0,1000.31,777.422.6278x051,1
USER_8,2025-07-01 05:14:00,Deposit,0,-0.0,1000.31,(234)826-3627,1
USER_1,2025-07-01 05:16:00,Send Money,0,0.0,998.5,3908055970,0
USER_4,2025-07-01 05:18:00,Pay Bill,1,0.01,1000.02,(216)323-9934x4996,0
USER_8,2025-07-01 05:20:00,Deposit,2,-0.01,1000.3,810-764-2401,0
USER_1,2025-07-01 05:20:00,Send Money,0,0.0,998.5,535-993-3012x211,0
USER_4,2025-07-01 05:22:00,Send Money,0,-0.0,1000.02,642-813-3008x8414,0
USER_6,2025-07-01 05:22:00,Withdraw,0,0.0,1006.8,388-403-5976,1
USER_6,2025-07-01 05:24:00,Buy Goods,1,0.01,1006.81,+1-945-344-2450x012,0
USER_1,2025-07-01 05:28:00,Deposit,2,0.02,998.52,423-342-6098x069,0
USER_4,2025-07-01 05:30:00,Send Money,2,0.03,1000.05,6582171044,1
USER_6,2025-07-01 05:30:00,Withdraw,0,-0.0,1006.81,001-630-660-0840x743,0
USER_6,2025-07-01 05:34:00,Withdraw,0,-0.0,1006.81,889.419.1781,1
USER_8,2025-07-01 05:34:00,Deposit,4,-0.05,1000.25,442-392-9259,1
USER_1,2025-07-01 05:38:00,Buy Goods,0,0.0,998.52,001-432-491-9581x64729,0
USER_5,2025-07-01 05:38:00,Withdraw,22,0.68,999.71,(941)734-5046,1
USER_2,2025-07-01 05:38:00,Deposit,0,-0.0,1000.0,414-996-1027x178,0
USER_7,2025-07-01 05:40:00,Deposit,0,-0.0,999.59,001-334-907-2320x5417,0
USER_3,2025-07-01 05:42:00,Withdraw,1,-0.01,999.91,(816)252-7700x485,0
USER_4,2025-07-01 05:48:00,Withdraw,0,0.0,1000.05,(580)982-8471,1
USER_3,2025-07-01 05:50:00,Buy Goods,3,-0.02,999.89,001-581-424-4942x7449,1
USER_1,2025-07-01 05:52:00,Deposit,0,-0.0,998.52,(798)358-6913x3150,1
USER_8,2025-07-01 05:54:00,Buy Goods,19,-0.05,1000.2,(918)287-4795,1
USER_5,2025-07-01 05:56:00,Deposit,1,-0.0,999.71,+1-726-285-4837x9430,0
USER_1,2025-07-01 05:58:00,Buy Goods,0,0.0,998.52,885.233.1683x6761,1
USER_8,2025-07-01 06:02:00,Send Money,0,-0.0,1000.2,(782)950-0071x5314,0
USER_3,2025-07-01 06:02:00,Withdraw,0,-0.0,999.89,+1-373-549-7628x541,0
USER_6,2025-07-01 06:02:00,Deposit,1,0.01,1006.82,2426261574,0
USER_5,2025-07-01 06:04:00,Pay Bill,0,0.0,999.71,346.369.8975,1
USER_3,2025-07-01 06:12:00,Withdraw,0,0.0,999.89,+1-641-706-3825,1
USER_10,2025-07-01 06:12:00,Pay Bill,0,0.0,1000.0,001-363-608-1901x24040,1
USER_10,2025-07-01 06:14:00,Pay Bill,2,0.03,1000.03,(293)721-4168x15633,1
USER_7,2025-07-01 06:20:00,Deposit,0,-0.0,999.59,7295555794,0
USER_6,2025-07-01 06:22:00,Deposit,0,-0.0,1006.82,314.347.9045x64528,1
USER_7,2025-07-01 06:26:00,Pay Bill,0,-0.0,999.59,933-869-2333,1
USER_4,2025-07-01 06:26:00,Withdraw,0,-0.0,1000.05,001-292-418-2850x75946,0
USER_2,2025-07-01 06:28:00,Deposit,1,0.01,1000.01,9899875293,1
USER_2,2025-07-01 06:30:00,Withdraw,8,0.07,1000.08,+1-579-426-7676x323,1
USER_6,2025-07-01 06:36:00,Pay Bill,5,0.04,1006.86,614-662-6193x64055,1
USER_4,2025-07-01 06:38:00,Withdraw,2,-0.01,1000.04,001-529-900-2397,0
USER_10,2025-07-01 06:40:00,Pay Bill,0,0.0,1000.03,001-497-271-5260,1
USER_6,2025-07-01 06:40:00,Pay Bill,9,0.07,1006.93,637.931.7786x11330,1
USER_7,2025-07-01 06:42:00,Withdraw,81,-0.87,998.72,8732979345,0
USER_4,2025-07-01 06:50:00,Send Money,0,0.0,1000.04,379.676.6996x134,0
USER_10,2025-07-01 06:54:00,Send Money,3,-0.04,999.99,819-282-6544x974,1
USER_4,2025-07-01 06:56:00,Deposit,0,0.0,1000.04,823-421-9400,0
USER_10,2025-07-01 06:58:00,Withdraw,0,0.0,999.99,(367)254-6070x51330,1
USER_6,2025-07-01 06:58:00,Withdraw,1,0.01,1006.94,(556)367-7714x8749,0
USER_6,2025-07-01 07:06:00,Buy Goods,0,0.0,1006.94,001-744-492-6549x42791,0
USER_1,2025-07-01 07:08:00,Send Money,5,-0.02,998.5,001-259-417-0446,0
USER_10,2025-07-01 07:10:00,Send Money,0,-0.0,999.99,414-489-9045,0
USER_8,2025-07-01 07:10:00,Deposit,0,0.0,1000.2,868.606.0624x244,0
USER_5,2025-07-01 07:10:00,Buy Goods,0,-0.0,999.71,+1-734-501-3775x113,0
USER_4,2025-07-01 07:12:00,Buy Goods,0,0.0,1000.04,6337099943,0
USER_6,2025-07-01 07:14:00,Withdraw,0,0.0,1006.94,(704)608-2899x05313,1
USER_9,2025-07-01 07:22:00,Send Money,1,-0.02,1000.03,403.547.2933,1
USER_1,2025-07-01 07:22:00,Send Money,33,0.22,998.72,814.893.9498x29208,1
USER_8,2025-07-01 07:24:00,Buy Goods,0,-0.0,1000.2,749-947-0124x5472,0
USER_5,2025-07-01 07:24:00,Withdraw,7,-0.04,999.67,(572)412-6629,0
USER_5,2025-07-01 07:24:00,Pay Bill,13,0.2,999.87,001-312-282-9708x70001,1
USER_6,2025-07-01 07:26:00,Buy Goods,15,-0.33,1006.61,(274)804-4752,1
USER_5,2025-07-01 07:26:00,Withdraw,3,0.03,999.9,215.454.3168x4401,0
USER_10,2025-07-01 07:26:00,Pay Bill,2,-0.0,999.99,001-336-732-9232x0630,0
USER_4,2025-07-01 07:28:00,Pay Bill,0,-0.0,1000.04,+1-405-938-1990x4760,1
USER_10,2025-07-01 07:30:00,Buy Goods,0,0.0,999.99,508.919.0147x9679,1
USER_5,2025-07-01 07:30:00,Send Money,8,0.01,999.91,001-992-233-3535,0
USER_6,2025-07-01 07:30:00,Withdraw,2,-0.03,1006.58,708.241.5442,1
USER_5,2025-07-01 07:30:00,Buy Goods,1,0.0,999.91,(510)757-3451,1
USER_9,2025-07-01 07:32:00,Send Money,1,-0.0,1000.03,511.691.0898x462,0
USER_3,2025-07-01 07:32:00,Buy Goods,2,-0.01,999.88,+1-981-634-4651x4252,0
USER_1,2025-07-01 07:36:00,Pay Bill,1,0.0,998.72,+1-295-252-8859x718,0
USER_1,2025-07-01 07:36:00,Deposit,0,-0.0,998.72,+1-568-555-6516x26038,1
USER_5,2025-07-01 07:44:00,Withdraw,0,-0.0,999.91,(603)869-4901x97033,0
USER_7,2025-07-01 07:44:00,Send Money,0,0.0,998.72,2968064999,1
USER_4,2025-07-01 07:48:00,Deposit,0,-0.0,1000.04,001-783-601-5031,1
USER_1,2025-07-01 07:50:00,Send Money,0,0.0,998.72,656.305.4526x65184,0
USER_2,2025-07-01 07:52:00,Pay Bill,0,-0.0,1000.08,(221)306-7312,0
USER_9,2025-07-01 07:56:00,Buy Goods,31,0.15,1000.18,213-854-5526,0
USER_8,2025-07-01 07:56:00,Deposit,0,0.0,1000.2,(857)615-5986x59128,1
USER_3,2025-07-01 08:02:00,Deposit,0,0.0,999.88,409.991.1352x977,0
USER_10,2025-07-01 08:02:00,Deposit,9,0.1,1000.09,+1-537-222-5515,0
USER_9,2025-07-01 08:04:00,Pay Bill,110,-2.32,997.86,(735)860-1007x1712,1
USER_10,2025-07-01 08:06:00,Deposit,0,-0.0,1000.09,(933)976-5356x232,1
USER_2,2025-07-01 08:06:00,Withdraw,0,0.0,1000.08,001-449-739-7574x9008,0
USER_4,2025-07-01 08:08:00,Withdraw,3,-0.0,1000.04,(441)429-5003x896,1
USER_1,2025-07-01 08:18:00,Deposit,0,-0.0,998.72,723.260.4626,0
USER_2,2025-07-01 08:20:00,Send Money,0,-0.0,1000.08,+1-581-370-8980x509,0
USER_9,2025-07-01 08:20:00,Withdraw,0,-0.0,997.86,001-704-304-1300x15994,0
USER_1,2025-07-01 08:30:00,Deposit,2,-0.01,998.71,(706)977-1725x950,0
USER_4,2025-07-01 08:32:00,Pay Bill,0,-0.0,1000.04,(525)864-7506x7384,0
USER_1,2025-07-01 08:34:00,Pay Bill,10,-0.04,998.67,327.891.6732x0197,0
USER_5,2025-07-01 08:36:00,Send Money,0,0.0,999.91,(346)313-2654,0
USER_1,2025-07-01 08:40:00,Withdraw,0,-0.0,998.67,2397003426,0
USER_10,2025-07-01 08:40:00,Deposit,0,-0.0,1000.09,396-328-1460x4124,0
USER_7,2025-07-01 08:42:00,Buy Goods,0,0.0,998.72,+1-589-662-2949x7592,0
USER_6,2025-07-01 08:46:00,Buy Goods,0,-0.0,1006.58,410.226.8345,0
USER_9,2025-07-01 08:46:00,Pay Bill,5,0.03,997.89,711.443.8123x346,1
USER_7,2025-07-01 08:46:00,Buy Goods,0,0.0,998.72,5279731518,0
USER_5,2025-07-01 08:50:00,Buy Goods,1,0.0,999.91,461-219-3463,1
USER_5,2025-07-01 08:52:00,Deposit,4,0.0,999.91,(259)591-7071,1
USER_5,2025-07-01 08:54:00,Withdraw,43,0.24,1000.15,6872208974,1
USER_5,2025-07-01 08:54:00,Pay Bill,6,0.03,1000.18,381.255.5524,1
USER_7,2025-07-01 08:58:00,Deposit,87,0.58,999.3,642.465.5156x109,0
USER_6,2025-07-01 09:00:00,Pay Bill,1,-0.0,1006.58,877.565.8944,0
USER_2,2025-07-01 09:00:00,Pay Bill,0,0.0,1000.08,001-524-763-4596x303,1
USER_5,2025-07-01 09:02:00,Deposit,0,0.0,1000.18,997-783-4903x219,0
USER_5,2025-07-01 09:04:00,Withdraw,0,-0.0,1000.18,001-268-553-8110x01985,1
USER_3,2025-07-01 09:04:00,Buy Goods,0,0.0,999.88,001-839-948-5548,1
USER_5,2025-07-01 09:06:00,Pay Bill,0,-0.0,1000.18,972-955-0540x2411,0
USER_1,2025-07-01 09:06:00,Withdraw,0,0.0,998.67,948.302.0261,1
USER_5,2025-07-01 09:08:00,Deposit,1,0.02,1000.2,8103896568,1
USER_10,2025-07-01 09:14:00,Send Money,0,0.0,1000.09,591-865-9980x5598,0
USER_9,2025-07-01 09:14:00,Deposit,6,0.1,997.99,393.918.9752,1
USER_4,2025-07-01 09:18:00,Buy Goods,17,-0.14,999.9,001-525-583-3514x409,0
USER_2,2025-07-01 09:20:00,Buy Goods,4,-0.02,1000.06,(899)642-8574,0
USER_9,2025-07-01 09:28:00,Send Money,0,-0.0,997.99,482-918-5680,1
USER_8,2025-07-01 09:28:00,Send Money,0,0.0,1000.2,375.646.8031x465,1
USER_7,2025-07-01 09:28:00,Deposit,11,0.07,999.38,+1-701-516-9353x080,0
USER_10,2025-07-01 09:28:00,Withdraw,0,-0.0,1000.09,877.615.9625,0
USER_7,2025-07-01 09:28:00,Withdraw,2,0.01,999.31,001-777-473-9263x7798,1
USER_3,2025-07-01 09:30:00,Deposit,62,0.31,1000.19,7247600306,0
USER_3,2025-07-01 09:32:00,Deposit,1296,9.22,1009.41,001-798-657-4588x2477,1
USER_6,2025-07-01 09:34:00,Send Money,0,0.0,1006.58,+1-764-409-3827x682,0
USER_5,2025-07-01 09:34:00,Withdraw,0,0.0,1000.2,+1-848-390-7513x897,0
USER_7,2025-07-01 09:36:00,Deposit,142,1.0,1000.38,(862)438-8006x5135,1
USER_8,2025-07-01 09:36:00,Withdraw,0,-0.0,1000.2,(756)707-3853x52331,1
USER_10,2025-07-01 09:42:00,Buy Goods,0,0.0,1000.09,788.510.8394x10211,0
USER_10,2025-07-01 09:44:00,Deposit,11,-0.18,999.91,263.929.2089,0
USER_5,2025-07-01 09:48:00,Deposit,0,0.0,1000.2,212.401.4798x01646,1
USER_5,2025-07-01 09:50:00,Withdraw,1,-0.0,1000.2,828-240-8235,0
USER_9,2025-07-01 09:50:00,Withdraw,2,-0.02,997.97,001-406-760-5776,1
USER_1,2025-07-01 09:50:00,Deposit,0,-0.0,998.67,210.456.6789x06915,1
USER_10,2025-07-01 09:52:00,Deposit,1,-0.0,999.91,(878)400-5872x42430,0
USER_9,2025-07-01 10:00:00,Withdraw,3,-0.01,997.96,(800)286-0492,1
USER_5,2025-07-01 10:00:00,Withdraw,1,0.01,1000.21,461.501.5585,1
USER_6,2025-07-01 10:02:00,Deposit,19,0.26,1006.84,944-514-2742x90723,1
USER_6,2025-07-01 10:04:00,Send Money,0,-0.0,1006.84,001-603-706-9394x615,1
USER_4,2025-07-01 10:08:00,Pay Bill,1,-0.01,999.89,001-432-210-2815x480,0
USER_9,2025-07-01 10:08:00,Withdraw,0,0.0,997.96,(876)921-3975x9325,1
USER_10,2025-07-01 10:10:00,Send Money,15,-0.0,999.91,759.677.9241,1
USER_4,2025-07-01 10:16:00,Send Money,0,0.0,999.89,+1-524-880-0108x6991,1
USER_2,2025-07-01 10:16:00,Deposit,14,-0.09,999.97,(339)720-2342x4624,1
USER_1,2025-07-01 10:18:00,Send Money,0,0.0,998.67,9886469170,0
USER_8,2025-07-01 10:18:00,Buy Goods,3,-0.03,1000.17,+1-920-896-8590x764,1
USER_8,2025-07-01 10:18:00,Deposit,1,-0.01,1000.16,(783)282-9457x01515,1
USER_7,2025-07-01 10:20:00,Deposit,21,-0.11,1000.27,762.473.0223x60307,1
USER_3,2025-07-01 10:22:00,Send Money,1,-0.01,1009.4,(258)761-1524x04418,0
USER_3,2025-07-01 10:24:00,Withdraw,0,-0.0,1009.4,(225)622-0986x0020,1
USER_1,2025-07-01 10:24:00,Withdraw,0,0.0,998.67,(789)763-1829,1
USER_1,2025-07-01 10:30:00,Withdraw,0,-0.0,998.67,+1-442-974-2106x1576,0
USER_5,2025-07-01 10:32:00,Buy Goods,0,-0.0,1000.21,+1-359-464-0894x6626,1
USER_7,2025-07-01 10:34:00,Buy Goods,0,0.0,1000.27,+1-592-867-4852x8889,1
USER_10,2025-07-01 10:34:00,Withdraw,0,-0.0,999.89,001-621-308-5148,1
USER_1,2025-07-01 10:34:00,Send Money,1,-0.0,998.67,284.794.5900,1
USER_10,2025-07-01 10:34:00,Buy Goods,3,-0.02,999.89,(512)261-6914x7192,1
USER_2,2025-07-01 10:34:00,Deposit,0,0.0,999.97,(373)489-8682x41502,1
USER_5,2025-07-01 10:34:00,Withdraw,0,-0.0,1000.21,+1-839-661-4458x4067,1
USER_4,2025-07-01 10:36:00,Buy Goods,11,-0.2,999.69,(762)899-7125,0
USER_5,2025-07-01 10:38:00,Deposit,0,-0.0,1000.21,+1-200-787-1690,1
USER_6,2025-07-01 10:44:00,Send Money,24,-0.05,1006.79,268-343-2752x813,1
USER_9,2025-07-01 10:44:00,Buy Goods,0,0.0,997.96,001-215-695-5664x2243,1
USER_2,2025-07-01 10:46:00,Withdraw,1,-0.01,999.96,001-265-389-0461x28665,0
USER_9,2025-07-01 10:46:00,Buy Goods,0,-0.0,997.96,001-492-641-1250x75234,0
USER_7,2025-07-01 10:46:00,Send Money,0,-0.0,1000.27,545.982.7987,0
USER_3,2025-07-01 10:50:00,Pay Bill,0,-0.0,1009.4,+1-684-517-8489x98646,1
USER_5,2025-07-01 10:52:00,Pay Bill,0,0.0,1000.21,580.563.5243x98983,0
USER_1,2025-07-01 10:54:00,Send Money,0,0.0,998.66,+1-426-236-9089x166,1
USER_1,2025-07-01 10:54:00,Buy Goods,2,-0.01,998.66,571.849.7705x6985,1
USER_4,2025-07-01 10:56:00,Pay Bill,2,-0.02,999.67,(410)925-0366,0
USER_9,2025-07-01 10:58:00,Send Money,0,0.0,997.96,001-361-903-7534x49001,1
USER_8,2025-07-01 10:58:00,Deposit,0,-0.0,1000.16,3005757655,1
USER_1,2025-07-01 10:58:00,Deposit,3,0.01,998.67,+1-874-602-3642,1
USER_2,2025-07-01 11:02:00,Buy Goods,1,-0.0,999.96,482.431.6899x0685,1
USER_4,2025-07-01 11:08:00,Buy Goods,0,-0.0,999.67,428-932-9775x14272,1
USER_6,2025-07-01 11:08:00,Send Money,0,0.0,1006.79,001-899-741-2993,1
USER_2,2025-07-01 11:10:00,Withdraw,21,0.45,1000.41,653.325.3670,1
USER_5,2025-07-01 11:14:00,Withdraw,2,-0.0,1000.21,(448)200-0555,0
USER_6,2025-07-01 11:16:00,Withdraw,52,-0.56,1006.23,412-748-8336x272,1
USER_9,2025-07-01 11:18:00,Send Money,1,-0.02,997.94,(899)453-2896,0
USER_8,2025-07-01 11:22:00,Send Money,0,-0.0,1000.16,2889198302,1
USER_1,2025-07-01 11:22:00,Send Money,6,-0.14,998.53,592-584-6164x0119,1
USER_2,2025-07-01 11:26:00,Deposit,0,0.0,1000.41,8073096818,0
USER_3,2025-07-01 11:26:00,Send Money,2,-0.03,1009.37,001-582-364-9352,0
USER_5,2025-07-01 11:26:00,Deposit,7,0.08,1000.29,405-381-1204,1
USER_5,2025-07-01 11:28:00,Send Money,0,-0.0,1000.29,279.592.1513x265,1
USER_9,2025-07-01 11:30:00,Send Money,4,0.05,997.99,(427)378-2997x9198,0
USER_4,2025-07-01 11:32:00,Pay Bill,21,-0.16,999.51,522-352-6084x8196,0
USER_8,2025-07-01 11:36:00,Send Money,1,0.01,1000.17,517-695-2151x2857,0
USER_4,2025-07-01 11:36:00,Buy Goods,1,-0.0,999.51,001-818-992-7955x633,1
USER_10,2025-07-01 11:36:00,Buy Goods,0,0.0,999.89,001-834-832-8234x78180,1
USER_3,2025-07-01 11:36:00,Deposit,2,0.01,1009.38,(470)241-0645,0
USER_3,2025-07-01 11:44:00,Withdraw,1,0.01,1009.39,792.223.8708x7564,1
USER_3,2025-07-01 11:50:00,Deposit,1,-0.0,1009.39,(569)302-3107x194,1
USER_8,2025-07-01 11:50:00,Send Money,3,-0.0,1000.17,960.973.1226x0669,1
USER_6,2025-07-01 11:50:00,Withdraw,42,-0.41,1005.82,824-861-4047,0
USER_3,2025-07-01 11:50:00,Pay Bill,0,0.0,1009.39,001-627-498-7714x22290,1
USER_9,2025-07-01 11:52:00,Send Money,157,0.26,998.25,342.664.3571x919,0
USER_10,2025-07-01 11:56:00,Pay Bill,0,-0.0,999.89,898-227-1970x17571,0
USER_2,2025-07-01 11:56:00,Withdraw,3,-0.0,1000.41,548-645-8906x77369,1
USER_7,2025-07-01 11:56:00,Deposit,0,-0.0,1000.27,(308)445-9482x4855,0
USER_6,2025-07-01 11:58:00,Pay Bill,0,0.0,1005.82,001-817-855-6640,1
USER_7,2025-07-01 11:58:00,Pay Bill,0,0.0,1000.27,(582)903-2319x3486,0
USER_10,2025-07-01 12:00:00,Buy Goods,1,0.0,999.89,001-937-314-9361x7221,1
USER_1,2025-07-01 12:04:00,Send Money,28,-0.08,998.45,709.771.3600,1
USER_10,2025-07-01 12:04:00,Pay Bill,20,-0.06,999.83,001-846-325-4925x3128,1
USER_2,2025-07-01 12:04:00,Send Money,4,0.02,1000.43,228.237.0619x7241,0
USER_8,2025-07-01 12:06:00,Pay Bill,354,-9.29,990.88,+1-223-604-0761,1
USER_3,2025-07-01 12:06:00,Buy Goods,0,0.0,1009.39,551.836.9539,0
USER_1,2025-07-01 12:08:00,Deposit,0,0.0,998.45,412-643-9320,0
USER_9,2025-07-01 12:08:00,Deposit,0,-0.0,998.25,2597604526,0
USER_9,2025-07-01 12:10:00,Withdraw,67,0.6,998.85,751.312.5507,0
USER_5,2025-07-01 12:10:00,Send Money,5,-0.1,1000.19,240.620.9528,1
USER_8,2025-07-01 12:18:00,Pay Bill,0,0.0,990.88,200-484-1962,0
USER_7,2025-07-01 12:20:00,Withdraw,0,0.0,1000.27,(996)245-2703x60835,0
USER_2,2025-07-01 12:20:00,Pay Bill,0,-0.0,1000.43,+1-868-623-1957,0
USER_9,2025-07-01 12:20:00,Withdraw,1,0.02,998.87,564.998.0307,0
USER_1,2025-07-01 12:22:00,Withdraw,3,0.0,998.45,504-272-5617x0364,0
USER_9,2025-07-01 12:26:00,Send Money,0,-0.0,998.87,(305)428-7625x20342,1
USER_3,2025-07-01 12:30:00,Withdraw,0,-0.0,1009.39,+1-939-753-8679,0
USER_4,2025-07-01 12:32:00,Send Money,7,-0.15,999.36,(808)354-9764x3752,0
USER_10,2025-07-01 12:34:00,Deposit,0,-0.0,999.83,(832)232-4277,0
USER_2,2025-07-01 12:34:00,Deposit,2,0.0,1000.43,(754)570-8469,0
USER_1,2025-07-01 12:34:00,Buy Goods,0,-0.0,998.45,611.461.6848,0
USER_1,2025-07-01 12:38:00,Pay Bill,0,-0.0,998.45,001-516-807-3430x36940,0
USER_8,2025-07-01 12:38:00,Deposit,0,0.0,990.88,001-280-557-4232x4723,1
USER_2,2025-07-01 12:40:00,Withdraw,0,-0.0,1000.43,712.577.4568x436,0
USER_3,2025-07-01 12:40:00,Pay Bill,0,-0.0,1009.39,408.450.4444,1
USER_9,2025-07-01 12:42:00,Deposit,0,0.0,998.87,578-923-3459x8192,0
USER_6,2025-07-01 12:50:00,Buy Goods,30,0.15,1005.97,694-968-2274x11632,0
USER_9,2025-07-01 12:50:00,Buy Goods,0,0.0,998.93,001-760-767-5631x6318,1
USER_9,2025-07-01 12:50:00,Send Money,4,0.06,998.93,001-738-649-5672x8574,0
USER_8,2025-07-01 12:52:00,Pay Bill,0,0.0,990.88,001-533-655-5405,1
USER_5,2025-07-01 12:52:00,Withdraw,0,0.0,1000.19,001-306-976-3111x735,1
USER_7,2025-07-01 12:56:00,Pay Bill,0,0.0,1000.27,(703)683-8210x68637,1
USER_8,2025-07-01 13:00:00,Withdraw,7,0.07,990.95,001-324-852-8456x3423,1
USER_6,2025-07-01 13:00:00,Deposit,3,0.03,1006.0,322-638-7858x89598,0
USER_8,2025-07-01 13:02:00,Deposit,0,-0.0,990.95,+1-866-899-7463x5365,0
USER_8,2025-07-01 13:06:00,Pay Bill,0,-0.0,990.95,541-630-7918x081,1
USER_2,2025-07-01 13:08:00,Pay Bill,64,0.93,1001.36,418-978-7039,0
USER_3,2025-07-01 13:08:00,Deposit,247,1.77,1011.16,449-324-6464x508,1
USER_3,2025-07-01 13:10:00,Withdraw,3,0.03,1011.19,+1-565-610-5329x39893,1
USER_9,2025-07-01 13:12:00,Pay Bill,77,-0.56,998.37,001-345-281-3203x1657,1
USER_8,2025-07-01 13:12:00,Send Money,7,0.09,991.04,+1-550-298-6349x0177,0
USER_2,2025-07-01 13:16:00,Buy Goods,17,0.04,1001.4,(229)512-2301x951,1
USER_9,2025-07-01 13:20:00,Send Money,0,0.0,998.37,742-378-0751,0
USER_4,2025-07-01 13:20:00,Pay Bill,4,0.06,999.42,+1-692-658-3299x737,0
USER_4,2025-07-01 13:20:00,Send Money,0,0.0,999.36,(471)311-2456x902,0
USER_1,2025-07-01 13:20:00,Buy Goods,8,0.08,998.53,940-732-7799x1830,1
USER_10,2025-07-01 13:22:00,Pay Bill,1,-0.01,999.82,(533)347-7525,0
USER_4,2025-07-01 13:28:00,Deposit,0,0.0,999.42,978-213-9649x62138,0
USER_1,2025-07-01 13:30:00,Send Money,1,0.01,998.54,+1-577-779-6949x407,1
USER_1,2025-07-01 13:32:00,Withdraw,2,0.0,998.54,545-993-5037x518,1
USER_6,2025-07-01 13:42:00,Buy Goods,1,0.0,1006.0,001-510-411-9451x472,0
USER_10,2025-07-01 13:46:00,Send Money,0,0.0,999.82,415.712.5531x692,1
USER_7,2025-07-01 13:46:00,Buy Goods,1,0.0,1000.27,(619)777-6396,1
USER_4,2025-07-01 13:50:00,Deposit,0,0.0,999.47,3524765314,1
USER_4,2025-07-01 13:50:00,Withdraw,11,0.05,999.47,7768349002,1
USER_5,2025-07-01 13:54:00,Buy Goods,0,-0.0,1000.19,9196536720,0
USER_10,2025-07-01 13:54:00,Pay Bill,1,-0.02,999.8,001-691-765-6076x9224,0
USER_10,2025-07-01 13:56:00,Send Money,1,0.01,999.81,242-236-1751,0
USER_5,2025-07-01 13:58:00,Pay Bill,1,0.0,1000.19,(949)399-3422x03297,0
USER_2,2025-07-01 14:02:00,Pay Bill,0,0.0,1001.4,952-324-7991x97414,0
USER_1,2025-07-01 14:06:00,Withdraw,2,0.01,998.55,(840)214-3515x48054,0
USER_7,2025-07-01 14:08:00,Send Money,0,0.0,1000.27,536-912-0410x70468,0
USER_1,2025-07-01 14:10:00,Withdraw,1,0.01,998.56,720-971-0417x2770,0
USER_2,2025-07-01 14:10:00,Pay Bill,1,-0.01,1001.39,766.668.2307,1
USER_8,2025-07-01 14:14:00,Send Money,0,-0.0,991.04,431-921-0327,1
USER_10,2025-07-01 14:16:00,Send Money,1,-0.01,999.8,+1-672-523-0761,0
USER_10,2025-07-01 14:16:00,Withdraw,0,0.0,999.8,229.424.4591x5372,0
USER_1,2025-07-01 14:18:00,Withdraw,5,-0.05,998.51,(986)935-2772x5485,0
USER_10,2025-07-01 14:18:00,Withdraw,1,-0.02,999.78,+1-617-974-9309x3332,0
USER_10,2025-07-01 14:20:00,Deposit,0,-0.0,999.78,+1-875-877-9612,0
USER_6,2025-07-01 14:22:00,Withdraw,3,0.0,1006.0,601-639-1907,0
USER_10,2025-07-01 14:28:00,Deposit,0,0.0,999.78,+1-413-514-9526,1
USER_3,2025-07-01 14:28:00,Send Money,6,-0.03,1011.16,8943717727,0
USER_8,2025-07-01 14:30:00,Withdraw,4,-0.01,991.03,2013985722,1
USER_3,2025-07-01 14:32:00,Withdraw,1,-0.0,1011.16,469-213-9082,1
USER_5,2025-07-01 14:38:00,Buy Goods,0,0.0,1000.15,958.627.6668,0
USER_4,2025-07-01 14:38:00,Buy Goods,0,-0.0,999.47,(614)719-9559x51634,1
USER_5,2025-07-01 14:38:00,Pay Bill,5,-0.04,1000.15,685-890-0017,1
USER_5,2025-07-01 14:42:00,Send Money,0,0.0,1000.15,001-261-990-0107x5077,1
USER_2,2025-07-01 14:44:00,Buy Goods,0,0.0,1001.39,+1-213-542-6856x26963,0
USER_2,2025-07-01 14:44:00,Withdraw,0,0.0,1001.39,+1-523-947-1306x153,0
USER_4,2025-07-01 14:54:00,Send Money,1,-0.0,999.47,001-412-660-8148x14773,0
USER_6,2025-07-01 14:58:00,Deposit,1,-0.01,1005.99,001-619-297-4877,1
USER_8,2025-07-01 14:58:00,Send Money,0,0.0,991.03,001-769-524-8057x332,1
USER_7,2025-07-01 15:02:00,Send Money,0,0.0,1000.27,+1-505-708-9147x4072,0
USER_3,2025-07-01 15:04:00,Buy Goods,0,-0.0,1011.16,523-691-6995x9147,0
USER_7,2025-07-01 15:06:00,Send Money,0,0.0,1000.27,467.544.2360x18387,0
USER_3,2025-07-01 15:08:00,Deposit,0,-0.0,1011.16,288-593-7192,1
USER_4,2025-07-01 15:08:00,Send Money,2,-0.02,999.45,229-846-7814,0
USER_1,2025-07-01 15:08:00,Deposit,0,0.0,998.51,(902)654-9110x58012,1
USER_9,2025-07-01 15:14:00,Pay Bill,0,-0.0,998.37,+1-373-491-8422,1
USER_1,2025-07-01 15:16:00,Buy Goods,0,0.0,998.51,(299)805-5813,0
USER_2,2025-07-01 15:16:00,Buy Goods,0,0.0,1001.39,(354)926-0845x107,1
USER_10,2025-07-01 15:18:00,Buy Goods,1,-0.02,999.76,(714)815-8987,1
USER_10,2025-07-01 15:18:00,Buy Goods,0,-0.0,999.76,+1-898-442-2759x788,1
USER_5,2025-07-01 15:22:00,Withdraw,0,-0.0,1000.15,235-739-4648x632,1
USER_8,2025-07-01 15:24:00,Withdraw,246,0.47,991.5,659.293.9649,1
USER_5,2025-07-01 15:24:00,Send Money,0,-0.0,1000.15,(855)359-0681x1676,0
USER_10,2025-07-01 15:30:00,Withdraw,1,-0.0,999.76,+1-698-922-3635x9456,0
USER_3,2025-07-01 15:32:00,Send Money,4,-0.04,1011.12,001-974-568-0396x875,1
USER_2,2025-07-01 15:32:00,Buy Goods,65,-0.48,1000.91,2768047188,0
USER_8,2025-07-01 15:36:00,Send Money,1,0.0,991.5,477.511.8092x745,1
USER_3,2025-07-01 15:36:00,Send Money,11,0.18,1011.3,981-632-7334x9887,0
USER_7,2025-07-01 15:40:00,Deposit,0,-0.0,1000.27,+1-888-678-0242,0
USER_4,2025-07-01 15:46:00,Buy Goods,0,0.0,999.45,870.629.3281,0
USER_2,2025-07-01 15:48:00,Buy Goods,1,-0.01,1000.9,001-880-683-2439,1
USER_2,2025-07-01 15:50:00,Withdraw,0,-0.0,1000.9,+1-909-509-7647x70775,0
USER_3,2025-07-01 15:50:00,Buy Goods,0,-0.0,1011.3,001-578-881-5421x29719,1
USER_9,2025-07-01 15:50:00,Deposit,0,-0.0,998.37,001-248-812-9436x4126,0
USER_9,2025-07-01 15:52:00,Pay Bill,0,0.0,998.37,(929)668-9637x064,0
USER_10,2025-07-01 15:52:00,Pay Bill,0,-0.0,999.76,539-246-6676x457,1
USER_1,2025-07-01 15:52:00,Pay Bill,5,-0.01,998.5,(510)251-7361x4969,1
USER_7,2025-07-01 15:54:00,Send Money,0,0.0,1000.27,574-872-9820x16494,0
USER_9,2025-07-01 16:02:00,Deposit,5,-0.04,998.33,884-957-2188,1
USER_4,2025-07-01 16:02:00,Buy Goods,1,0.01,999.46,+1-350-991-5223x3318,0
USER_9,2025-07-01 16:06:00,Pay Bill,2,0.01,998.34,(841)902-0205x083,0
USER_6,2025-07-01 16:08:00,Deposit,0,-0.0,1005.99,(594)582-0856,0
USER_2,2025-07-01 16:16:00,Withdraw,2,0.01,1000.91,+1-363-242-2674x29469,1
USER_5,2025-07-01 16:16:00,Deposit,0,-0.0,1000.15,500-349-7637x838,0
USER_9,2025-07-01 16:18:00,Deposit,0,0.0,998.34,702-461-3358,1
USER_3,2025-07-01 16:18:00,Deposit,50,-0.63,1010.67,881.396.4761x209,0
USER_7,2025-07-01 16:20:00,Withdraw,6,0.08,1000.35,8376528229,1
USER_6,2025-07-01 16:20:00,Send Money,0,-0.0,1005.99,795-728-4974x354,0
USER_8,2025-07-01 16:22:00,Send Money,2,0.01,991.51,(551)907-9456,0
USER_1,2025-07-01 16:24:00,Deposit,1,0.0,998.5,6662193709,1
USER_4,2025-07-01 16:24:00,Withdraw,1,-0.0,999.46,218-483-3350,1
USER_1,2025-07-01 16:26:00,Pay Bill,0,-0.0,998.5,(423)287-6104x894,1
USER_3,2025-07-01 16:28:00,Deposit,1,0.01,1010.68,914-602-2821x16826,0
USER_9,2025-07-01 16:32:00,Buy Goods,1,0.0,998.34,838.292.2205x831,0
USER_9,2025-07-01 16:32:00,Buy Goods,1,-0.02,998.32,9749393226,0
USER_2,2025-07-01 16:34:00,Send Money,0,0.0,1000.91,(907)240-1584x91091,0
USER_3,2025-07-01 16:34:00,Send Money,0,0.0,1010.68,696.530.8487,1
USER_8,2025-07-01 16:38:00,Pay Bill,0,-0.0,991.51,618-477-7250,1
USER_9,2025-07-01 16:38:00,Buy Goods,0,-0.0,998.32,482.236.0815,1
USER_7,2025-07-01 16:40:00,Buy Goods,0,-0.0,1000.35,(280)285-3140,0
USER_5,2025-07-01 16:40:00,Send Money,2,-0.02,1000.13,3742740948,1
USER_5,2025-07-01 16:40:00,Send Money,0,-0.0,1000.15,001-690-716-1382x135,0
USER_3,2025-07-01 16:42:00,Deposit,2,-0.03,1010.65,001-942-838-1604x02461,1
USER_6,2025-07-01 16:50:00,Pay Bill,0,-0.0,1005.99,+1-984-981-5669x3900,1
USER_3,2025-07-01 16:50:00,Pay Bill,14,0.18,1010.83,9574730294,1
USER_6,2025-07-01 16:52:00,Pay Bill,0,-0.0,1005.99,001-888-755-5956x8792,0
USER_5,2025-07-01 16:52:00,Buy Goods,0,0.0,1000.13,001-255-330-4540x4458,0
USER_7,2025-07-01 17:02:00,Buy Goods,5,-0.01,1000.34,962-689-0902x035,0
USER_1,2025-07-01 17:06:00,Buy Goods,1,0.01,998.51,+1-588-292-1959x5713,1
USER_4,2025-07-01 17:10:00,Buy Goods,12,0.05,999.51,(340)405-5125,0
USER_4,2025-07-01 17:10:00,Send Money,0,0.0,999.46,682-436-0184x54402,1
USER_3,2025-07-01 17:12:00,Deposit,5,-0.07,1010.76,+1-270-323-5686x6182,0
USER_7,2025-07-01 17:16:00,Buy Goods,5,-0.03,1000.31,551-551-2522x829,1
USER_1,2025-07-01 17:18:00,Withdraw,0,-0.0,998.51,+1-734-395-5519x96109,0
USER_7,2025-07-01 17:20:00,Pay Bill,0,0.0,1000.31,001-944-397-5869x4161,1
USER_1,2025-07-01 17:20:00,Send Money,0,0.0,998.51,422-494-3708x650,1
USER_9,2025-07-01 17:20:00,Deposit,0,0.0,998.32,4938168351,0
USER_6,2025-07-01 17:20:00,Pay Bill,6,0.04,1006.03,(519)390-7517,1
USER_1,2025-07-01 17:24:00,Deposit,18,0.19,998.7,+1-446-833-6835x3506,0
USER_3,2025-07-01 17:26:00,Withdraw,0,-0.0,1010.76,001-746-479-2925x2895,1
USER_1,2025-07-01 17:26:00,Withdraw,6,-0.0,998.7,4554997418,1
USER_8,2025-07-01 17:26:00,Send Money,0,-0.0,991.51,001-940-243-3892x010,0
USER_10,2025-07-01 17:26:00,Withdraw,4,-0.02,999.74,485-638-6120,1
USER_5,2025-07-01 17:28:00,Send Money,0,-0.0,1000.13,349-600-1927x14617,1
USER_3,2025-07-01 17:30:00,Buy Goods,0,-0.0,1010.76,253.984.1693,1
USER_7,2025-07-01 17:30:00,Withdraw,10,0.02,1000.33,+1-705-711-3588x581,0
USER_4,2025-07-01 17:32:00,Withdraw,3,0.03,999.54,(914)508-2646,0
USER_2,2025-07-01 17:32:00,Buy Goods,78,1.32,1002.23,+1-391-292-3249,0
USER_9,2025-07-01 17:32:00,Withdraw,10,-0.1,998.22,756.802.1479x100,1
USER_8,2025-07-01 17:36:00,Buy Goods,0,-0.0,991.51,620-353-0978x550,1
USER_7,2025-07-01 17:42:00,Buy Goods,0,0.0,1000.33,001-316-601-6751x3814,0
USER_6,2025-07-01 17:48:00,Deposit,11,-0.02,1006.01,540-498-3270,1
USER_2,2025-07-01 17:50:00,Withdraw,0,-0.0,1002.23,952-655-4322x26694,0
USER_6,2025-07-01 17:52:00,Buy Goods,0,0.0,1006.01,385-236-8355,0
USER_6,2025-07-01 17:52:00,Pay Bill,20,0.04,1006.05,428.646.5070x2335,1
USER_5,2025-07-01 17:52:00,Send Money,0,0.0,1000.13,(895)956-1982,0
USER_10,2025-07-01 17:54:00,Pay Bill,6,-0.03,999.71,001-774-619-7009x13179,1
USER_10,2025-07-01 17:54:00,Withdraw,0,-0.0,999.74,321-843-4204x888,1
USER_3,2025-07-01 17:56:00,Withdraw,6,0.1,1010.86,001-280-740-3041x16953,1
USER_8,2025-07-01 17:56:00,Deposit,0,0.0,991.51,967.237.3949,0
USER_5,2025-07-01 18:00:00,Pay Bill,0,-0.0,1000.13,001-754-753-4385x028,0
USER_9,2025-07-01 18:06:00,Buy Goods,0,-0.0,998.22,288-588-8833x752,1
USER_7,2025-07-01 18:10:00,Deposit,62,-0.55,999.78,(920)778-6383x42667,0
USER_2,2025-07-01 18:14:00,Withdraw,1,0.01,1002.24,+1-267-554-3478x497,1
USER_4,2025-07-01 18:14:00,Buy Goods,2,0.0,999.54,+1-668-890-9421x36670,1
USER_5,2025-07-01 18:20:00,Pay Bill,0,0.0,1000.13,9559046924,0
USER_3,2025-07-01 18:22:00,Withdraw,0,0.0,1010.86,(602)926-8826x74090,0
USER_1,2025-07-01 18:24:00,Pay Bill,0,0.0,998.7,001-872-205-2518x7107,0
USER_10,2025-07-01 18:24:00,Pay Bill,19,0.06,999.77,773-859-4905x794,0
USER_3,2025-07-01 18:32:00,Deposit,0,-0.0,1010.86,(583)461-9669x296,1
USER_7,2025-07-01 18:32:00,Withdraw,7,0.01,999.79,(898)932-9399x176,1
USER_10,2025-07-01 18:34:00,Buy Goods,0,-0.0,999.77,001-436-699-2747x3939,0
USER_10,2025-07-01 18:34:00,Withdraw,0,0.0,999.77,536.265.8982x8015,1
USER_8,2025-07-01 18:40:00,Buy Goods,0,-0.0,991.51,405-778-0961x34351,0
USER_10,2025-07-01 18:42:00,Withdraw,0,-0.0,999.77,915.269.4255x2766,1
USER_3,2025-07-01 18:46:00,Deposit,0,0.0,1010.86,635-393-4333x0784,0
USER_4,2025-07-01 18:52:00,Send Money,1,0.01,999.55,(541)511-4511x6276,1
USER_1,2025-07-01 18:54:00,Pay Bill,3,-0.01,998.69,(447)877-4934,0
USER_2,2025-07-01 18:56:00,Buy Goods,0,-0.0,1002.24,(702)593-5762,1
USER_7,2025-07-01 18:58:00,Deposit,0,0.0,999.79,794-646-2465,1
USER_8,2025-07-01 18:58:00,Deposit,2,0.0,991.51,636.360.0582x37934,0
USER_10,2025-07-01 19:00:00,Deposit,0,-0.0,999.77,327-625-8562x351,1
USER_4,2025-07-01 19:00:00,Withdraw,0,-0.0,999.55,421-758-8782x9752,0
USER_2,2025-07-01 19:00:00,Pay Bill,4,0.04,1002.28,9858186646,1
USER_1,2025-07-01 19:00:00,Send Money,0,0.0,998.69,7666296143,0
USER_5,2025-07-01 19:02:00,Withdraw,0,-0.0,1000.13,254-240-8761x7328,0
USER_3,2025-07-01 19:04:00,Buy Goods,2,-0.01,1010.85,001-821-435-7655x632,1
USER_7,2025-07-01 19:08:00,Pay Bill,112,-3.28,996.51,9026297142,0
USER_4,2025-07-01 19:08:00,Send Money,4,0.01,999.56,701.544.8548x368,0
USER_3,2025-07-01 19:10:00,Send Money,0,0.0,1010.85,301-339-5767x0536,0
USER_5,2025-07-01 19:12:00,Send Money,89,-0.63,999.5,+1-997-247-2445x3816,0
USER_1,2025-07-01 19:16:00,Buy Goods,0,0.0,998.69,001-446-860-6816x1997,0
USER_6,2025-07-01 19:18:00,Deposit,0,-0.0,1006.05,+1-389-600-6808x1885,1
USER_3,2025-07-01 19:26:00,Buy Goods,1,-0.01,1010.84,881.631.4023x07202,0
USER_5,2025-07-01 19:26:00,Send Money,28,0.3,999.8,336.732.8623x6398,1
USER_4,2025-07-01 19:26:00,Deposit,0,-0.0,999.56,001-542-880-1888x54360,0
USER_9,2025-07-01 19:28:00,Withdraw,13,-0.12,998.1,679.479.1228x10097,1
USER_3,2025-07-01 19:30:00,Send Money,43,0.59,1011.43,(510)686-7894x3359,1
USER_1,2025-07-01 19:34:00,Send Money,5,-0.09,998.6,(677)884-8479,0
USER_5,2025-07-01 19:34:00,Send Money,1,-0.01,999.79,348.806.8380x8186,0
USER_1,2025-07-01 19:36:00,Deposit,15,0.32,998.92,(797)249-9035x731,0
USER_9,2025-07-01 19:36:00,Withdraw,0,-0.0,998.1,973.276.4649x0383,0
USER_7,2025-07-01 19:38:00,Withdraw,3,0.05,996.56,392-712-2014x70190,0
USER_4,2025-07-01 19:40:00,Deposit,6,-0.07,999.49,456-450-7486,0
USER_8,2025-07-01 19:42:00,Buy Goods,0,0.0,991.51,001-820-444-7620x95143,1
USER_7,2025-07-01 19:42:00,Pay Bill,0,0.0,996.56,(543)531-5057,1
USER_8,2025-07-01 19:44:00,Send Money,31,-0.54,990.97,001-244-808-7305x31834,0
USER_7,2025-07-01 19:44:00,Buy Goods,0,0.0,996.56,(264)952-8030x856,0
USER_3,2025-07-01 19:46:00,Pay Bill,5,0.04,1011.47,674-709-8090,0
USER_3,2025-07-01 19:56:00,Deposit,50,0.5,1011.97,(310)812-6410,1
USER_6,2025-07-01 20:02:00,Deposit,0,-0.0,1006.05,282.321.9033x10438,1
USER_1,2025-07-01 20:02:00,Buy Goods,0,0.0,998.92,(265)406-5456x761,1
USER_6,2025-07-01 20:06:00,Pay Bill,0,-0.0,1006.05,001-730-895-0385x9687,0
USER_6,2025-07-01 20:06:00,Pay Bill,0,0.0,1006.05,277.261.9332x429,1
USER_6,2025-07-01 20:06:00,Deposit,0,0.0,1006.05,783.205.1963,1
USER_3,2025-07-01 20:08:00,Withdraw,0,-0.0,1011.97,622.525.7477x940,1
USER_10,2025-07-01 20:12:00,Send Money,0,0.0,999.77,001-512-282-6679x7296,0
USER_9,2025-07-01 20:14:00,Withdraw,0,0.0,998.1,+1-671-640-4823,0
USER_2,2025-07-01 20:16:00,Buy Goods,2,-0.0,1002.28,(864)600-4653x20344,0
USER_8,2025-07-01 20:18:00,Pay Bill,0,-0.0,990.97,774-889-0189x622,1
USER_1,2025-07-01 20:18:00,Deposit,4,0.01,998.93,945-351-2459x3818,1
USER_1,2025-07-01 20:18:00,Buy Goods,0,-0.0,998.92,444.204.7795,1
USER_7,2025-07-01 20:24:00,Withdraw,3,-0.0,996.56,692.527.9758x41730,0
USER_7,2025-07-01 20:24:00,Pay Bill,0,0.0,996.56,266-824-6007x57054,1
USER_2,2025-07-01 20:28:00,Withdraw,0,0.0,1002.28,299-860-1504,1
USER_8,2025-07-01 20:30:00,Withdraw,0,0.0,990.97,(499)264-2911x7136,1
USER_3,2025-07-01 20:30:00,Withdraw,0,-0.0,1011.97,001-932-798-5243x411,1
USER_4,2025-07-01 20:32:00,Send Money,3,0.03,999.52,(638)939-1741x12321,1
USER_10,2025-07-01 20:38:00,Deposit,0,-0.0,999.77,001-941-639-4343x4810,1
USER_3,2025-07-01 20:42:00,Pay Bill,38,-0.11,1011.86,264.816.1364,0
USER_4,2025-07-01 20:44:00,Pay Bill,0,-0.0,999.52,001-807-513-2588x091,1
USER_9,2025-07-01 20:44:00,Pay Bill,0,0.0,998.1,444.883.7512x67320,0
USER_10,2025-07-01 20:46:00,Send Money,0,0.0,999.77,+1-571-224-9265x64270,1
USER_4,2025-07-01 20:56:00,Withdraw,11,0.12,999.64,001-380-464-1767x6962,0
USER_8,2025-07-01 20:56:00,Deposit,0,-0.0,990.97,332.492.8796x63374,1
USER_9,2025-07-01 20:58:00,Deposit,111,-0.25,997.85,986.499.9792x100,0
USER_1,2025-07-01 21:02:00,Buy Goods,0,-0.0,998.93,567.352.1758x84334,0
USER_6,2025-07-01 21:06:00,Send Money,0,0.0,1006.05,709.847.9752x87613,1
USER_2,2025-07-01 21:08:00,Pay Bill,0,0.0,1002.28,(437)251-0467,1
USER_2,2025-07-01 21:08:00,Deposit,0,-0.0,1002.28,(885)763-7350x13728,0
USER_7,2025-07-01 21:18:00,Deposit,0,0.0,996.56,224.603.3849x7959,1
USER_7,2025-07-01 21:20:00,Withdraw,0,-0.0,996.56,001-315-722-9335,0
USER_9,2025-07-01 21:24:00,Deposit,0,0.0,997.85,688.464.3608x5369,0
USER_10,2025-07-01 21:26:00,Deposit,0,-0.0,999.77,917-436-1989x83148,1
USER_9,2025-07-01 21:30:00,Send Money,0,0.0,997.85,001-405-818-3591x410,0
USER_7,2025-07-01 21:30:00,Pay Bill,0,0.0,996.56,+1-377-594-3479x32037,1
USER_9,2025-07-01 21:36:00,Send Money,0,-0.0,997.85,668-873-4007x990,0
USER_7,2025-07-01 21:48:00,Deposit,22,0.1,996.66,+1-315-928-1247,0
USER_4,2025-07-01 21:52:00,Send Money,208,2.33,1001.97,(939)299-1500x724,0
USER_7,2025-07-01 21:56:00,Deposit,0,-0.0,996.66,425-596-2523,1
USER_8,2025-07-01 21:58:00,Withdraw,0,-0.0,990.97,(907)666-8737x6339,0
USER_3,2025-07-01 21:58:00,Send Money,1,-0.01,1011.85,233.930.9302x892,0
USER_10,2025-07-01 22:00:00,Withdraw,1,0.0,999.77,6569588541,0
USER_9,2025-07-01 22:00:00,Buy Goods,0,-0.0,997.85,001-872-802-6579x652,1
USER_3,2025-07-01 22:02:00,Deposit,22,-0.06,1011.79,573-522-3949x3058,0
USER_4,2025-07-01 22:06:00,Withdraw,14,-0.13,1001.84,+1-892-638-1956x9710,0
USER_10,2025-07-01 22:06:00,Pay Bill,0,-0.0,999.77,806-462-5073x3908,1
USER_1,2025-07-01 22:08:00,Withdraw,3,-0.04,998.89,001-357-265-9162,1
USER_4,2025-07-01 22:10:00,Buy Goods,13,-0.15,1001.69,331-721-0423,0
USER_5,2025-07-01 22:10:00,Withdraw,1,-0.0,999.79,398-907-1609,0
USER_1,2025-07-01 22:10:00,Withdraw,0,-0.0,999.17,(733)796-5789,0
USER_1,2025-07-01 22:10:00,Send Money,24,0.28,999.17,(819)855-9439x258,0
USER_6,2025-07-01 22:12:00,Withdraw,0,0.0,1006.05,899.504.5460x52178,0
USER_3,2025-07-01 22:12:00,Deposit,19,-0.28,1011.51,764-920-9680,1
USER_7,2025-07-01 22:18:00,Send Money,8,-0.02,996.64,764-399-1914,1
USER_7,2025-07-01 22:18:00,Send Money,0,-0.0,996.64,(444)764-0970x8926,1
USER_1,2025-07-01 22:18:00,Deposit,5,-0.07,999.1,783.303.4989x66035,1
USER_2,2025-07-01 22:22:00,Buy Goods,0,0.0,1002.28,234-425-4673x66401,1
USER_7,2025-07-01 22:22:00,Buy Goods,1,-0.01,996.63,831-380-6631x444,0
USER_3,2025-07-01 22:24:00,Deposit,0,-0.0,1011.51,333-242-2463x6180,0
USER_6,2025-07-01 22:24:00,Buy Goods,0,-0.0,1006.05,+1-564-399-4778x51428,0
USER_3,2025-07-01 22:28:00,Pay Bill,13,0.15,1011.66,(868)408-9333,0
USER_10,2025-07-01 22:30:00,Send Money,0,-0.0,999.77,(453)859-3121,0
USER_3,2025-07-01 22:30:00,Pay Bill,9,-0.07,1011.59,(682)917-1455,1
USER_2,2025-07-01 22:32:00,Buy Goods,0,-0.0,1002.28,(987)471-1612,1
USER_7,2025-07-01 22:34:00,Withdraw,1,-0.01,996.62,860.267.7079x1025,0
USER_5,2025-07-01 22:34:00,Deposit,0,0.0,999.79,+1-429-850-8138x785,1
USER_5,2025-07-01 22:40:00,Pay Bill,46,-0.3,999.49,+1-737-711-5277,1
USER_7,2025-07-01 22:44:00,Buy Goods,0,0.0,996.62,+1-390-654-0877,0
USER_7,2025-07-01 22:48:00,Deposit,2,0.01,996.63,9014503435,0
USER_5,2025-07-01 22:50:00,Send Money,3,0.02,999.51,784.355.9701x19461,1
USER_1,2025-07-01 22:50:00,Buy Goods,1,-0.01,999.09,835-767-8194,0
USER_2,2025-07-01 22:52:00,Send Money,5,-0.07,1002.21,+1-544-459-2986x718,0
USER_5,2025-07-01 22:52:00,Pay Bill,0,0.0,999.51,001-676-336-6728,0
USER_4,2025-07-01 22:54:00,Buy Goods,70,0.83,1002.52,474.638.4165,0
USER_5,2025-07-01 22:54:00,Send Money,0,-0.0,999.51,(466)622-6460x200,1
USER_9,2025-07-01 22:56:00,Pay Bill,0,-0.0,997.85,(652)839-7548,1
USER_9,2025-07-01 22:56:00,Send Money,0,0.0,997.85,+1-662-205-1013x063,1
USER_10,2025-07-01 22:56:00,Deposit,53,-0.24,999.53,651-216-2331x8664,1
USER_8,2025-07-01 22:58:00,Buy Goods,8,0.09,991.06,(259)365-2804x3067,0
USER_7,2025-07-01 22:58:00,Withdraw,6,0.02,996.65,(966)445-5669x16092,1
USER_1,2025-07-01 23:00:00,Withdraw,0,-0.0,999.09,(450)752-1407,1
USER_6,2025-07-01 23:04:00,Deposit,8,0.02,1006.07,001-227-725-6646x440,1
USER_5,2025-07-01 23:04:00,Buy Goods,0,0.0,999.51,5246763379,1
USER_2,2025-07-01 23:04:00,Send Money,29,0.2,1002.41,+1-971-859-1720x1939,1
USER_10,2025-07-01 23:12:00,Pay Bill,2,0.0,999.53,319-772-6753,1
USER_5,2025-07-01 23:14:00,Withdraw,1,-0.01,999.5,(636)449-5656x050,1
USER_4,2025-07-01 23:18:00,Withdraw,1,-0.0,1002.52,+1-892-952-9740,0
USER_8,2025-07-01 23:18:00,Pay Bill,33,0.55,991.61,+1-232-689-5874x959,0
USER_6,2025-07-01 23:18:00,Pay Bill,0,0.0,1006.07,6373148460,0
USER_7,2025-07-01 23:20:00,Deposit,1,-0.0,996.65,4677840778,1
USER_10,2025-07-01 23:22:00,Withdraw,0,-0.0,999.53,+1-392-445-3084x379,1
USER_8,2025-07-01 23:26:00,Withdraw,0,0.0,991.61,001-847-201-1266x14316,1
USER_6,2025-07-01 23:28:00,Deposit,1,-0.01,1006.06,(488)672-8460x126,1
USER_1,2025-07-01 23:28:00,Deposit,0,0.0,999.09,(971)903-1112,1
USER_7,2025-07-01 23:28:00,Deposit,0,-0.0,996.65,233.289.9070x344,0
USER_6,2025-07-01 23:32:00,Send Money,0,-0.0,1006.06,+1-433-241-6282x41524,1
USER_2,2025-07-01 23:32:00,Send Money,3,-0.04,1002.37,+1-661-867-5954x8933,0
USER_2,2025-07-01 23:36:00,Send Money,0,0.0,1002.37,893-544-0987,1
USER_7,2025-07-01 23:38:00,Deposit,2,-0.01,996.64,001-620-250-4356x295,1
USER_1,2025-07-01 23:38:00,Send Money,1,0.0,999.09,969-859-9561,0
USER_9,2025-07-01 23:38:00,Withdraw,0,0.0,997.85,001-996-785-1733x44597,0
USER_2,2025-07-01 23:40:00,Buy Goods,39,0.82,1003.19,001-694-666-2770x294,0
USER_7,2025-07-01 23:40:00,Deposit,1,0.01,996.65,2152466477,1
USER_8,2025-07-01 23:44:00,Pay Bill,0,0.0,991.61,4227754084,1
USER_6,2025-07-01 23:46:00,Pay Bill,1,-0.01,1006.05,773-822-1579x213,1
USER_6,2025-07-01 23:46:00,Buy Goods,0,0.0,1006.05,558.275.4827x940,1
USER_8,2025-07-01 23:50:00,Deposit,45,0.47,992.08,001-299-481-1379x39850,0
USER_6,2025-07-01 23:50:00,Withdraw,6,-0.11,1005.94,444.236.3175x0163,1
USER_8,2025-07-01 23:52:00,Buy Goods,0,0.0,992.08,+1-775-693-1925,1
USER_10,2025-07-01 23:54:00,Pay Bill,1,-0.01,999.52,+1-826-990-6268,0
USER_6,2025-07-02 00:00:00,Deposit,19,0.38,1006.32,+1-487-739-3961x8589,1
USER_4,2025-07-02 00:00:00,Buy Goods,6,-0.07,1002.45,(708)295-7862,1
USER_3,2025-07-02 00:02:00,Withdraw,0,-0.0,1011.59,+1-751-412-9340x5761,1
USER_1,2025-07-02 00:04:00,Pay Bill,26,-0.22,998.87,6289434471,0
USER_6,2025-07-02 00:10:00,Deposit,0,-0.0,1006.32,+1-626-250-5963x81084,1
USER_2,2025-07-02 00:10:00,Withdraw,2,-0.02,1003.17,(785)800-0965x67187,0
USER_2,2025-07-02 00:12:00,Deposit,15,0.06,1003.23,9966487420,0
USER_1,2025-07-02 00:12:00,Send Money,3,-0.04,998.83,419.335.9296,0
USER_7,2025-07-02 00:12:00,Withdraw,3,0.04,996.69,233-692-5839,1
USER_4,2025-07-02 00:12:00,Withdraw,0,0.0,1002.45,(695)832-9813,0
USER_5,2025-07-02 00:12:00,Deposit,0,0.0,999.5,(936)549-0848,0
USER_2,2025-07-02 00:16:00,Buy Goods,7,-0.08,1003.15,(404)994-6964,1
USER_9,2025-07-02 00:20:00,Withdraw,1,0.01,997.86,709-232-8318,0
USER_5,2025-07-02 00:20:00,Buy Goods,0,-0.0,999.5,6147813380,0
USER_2,2025-07-02 00:26:00,Pay Bill,3,-0.01,1002.94,001-211-804-3061x3846,1
USER_2,2025-07-02 00:26:00,Send Money,20,-0.2,1002.95,(668)874-7862x184,1
USER_4,2025-07-02 00:28:00,Withdraw,0,0.0,1002.45,001-406-941-6248,0
USER_8,2025-07-02 00:30:00,Deposit,0,0.0,992.08,+1-436-492-3129x0669,1
USER_8,2025-07-02 00:30:00,Deposit,4,-0.02,992.06,+1-620-886-6309x4004,1
USER_8,2025-07-02 00:34:00,Deposit,1,-0.01,992.05,(622)648-3825x472,1
USER_4,2025-07-02 00:34:00,Send Money,2,0.03,1002.48,729.414.6901,1
USER_10,2025-07-02 00:36:00,Buy Goods,22,-0.35,999.17,564-740-8418,0
USER_9,2025-07-02 00:36:00,Deposit,0,-0.0,997.86,738.627.3807x9232,1
USER_5,2025-07-02 00:36:00,Deposit,0,-0.0,999.5,2098570980,1
USER_6,2025-07-02 00:36:00,Deposit,0,0.0,1006.32,+1-474-367-1673x461,1
USER_8,2025-07-02 00:38:00,Buy Goods,28,0.14,992.19,665-665-0422x53790,1
USER_2,2025-07-02 00:46:00,Buy Goods,8,-0.09,1002.85,(714)277-5911x9152,0
USER_4,2025-07-02 00:48:00,Pay Bill,0,0.0,1002.48,9278109827,1
USER_9,2025-07-02 00:50:00,Pay Bill,0,0.0,997.86,719.525.0419,1
USER_2,2025-07-02 00:52:00,Deposit,42,0.08,1002.93,693-974-7017,0
USER_1,2025-07-02 00:54:00,Buy Goods,72,1.08,999.91,+1-605-295-6788,0
USER_3,2025-07-02 00:54:00,Buy Goods,10,0.17,1011.76,281-682-4753,1
USER_3,2025-07-02 00:54:00,Pay Bill,0,-0.0,1011.59,378.943.9804x178,0
USER_2,2025-07-02 00:56:00,Pay Bill,7,-0.05,1002.88,001-815-513-9677x512,0
USER_3,2025-07-02 00:56:00,Withdraw,0,0.0,1011.76,+1-528-708-9676x0575,1
USER_7,2025-07-02 01:00:00,Pay Bill,5,-0.1,996.59,001-888-222-8538x505,0
USER_5,2025-07-02 01:04:00,Buy Goods,0,-0.0,999.5,+1-448-524-7802x27447,0
USER_6,2025-07-02 01:04:00,Send Money,0,-0.0,1006.32,+1-321-412-6976x479,1
USER_4,2025-07-02 01:14:00,Buy Goods,0,-0.0,1002.48,+1-706-265-3061x4726,0
USER_3,2025-07-02 01:14:00,Pay Bill,10,-0.08,1011.68,001-319-922-6010,0
USER_1,2025-07-02 01:16:00,Withdraw,0,-0.0,999.91,(632)292-4297,1
USER_3,2025-07-02 01:16:00,Send Money,0,0.0,1011.68,9379274951,0
USER_4,2025-07-02 01:20:00,Buy Goods,4,-0.02,1002.46,754-931-9367x320,0
USER_1,2025-07-02 01:20:00,Send Money,0,0.0,999.91,001-764-336-8095x091,1
USER_2,2025-07-02 01:22:00,Pay Bill,5,-0.03,1002.85,001-817-383-0328x80538,0
USER_2,2025-07-02 01:24:00,Buy Goods,0,0.0,1002.85,(452)506-4716x291,0
USER_7,2025-07-02 01:24:00,Deposit,2,0.03,996.62,620.911.5421x26840,0
USER_3,2025-07-02 01:32:00,Withdraw,1,-0.01,1011.67,(717)487-3355x02487,1
USER_5,2025-07-02 01:36:00,Send Money,0,0.0,999.5,9782167971,0
USER_3,2025-07-02 01:36:00,Buy Goods,3,0.0,1011.67,856-495-4702x3551,0
USER_10,2025-07-02 01:36:00,Buy Goods,0,0.0,999.17,+1-550-453-3962x46204,1
USER_2,2025-07-02 01:42:00,Buy Goods,3,-0.02,1002.83,563-652-5909,1
USER_3,2025-07-02 01:44:00,Buy Goods,18,0.09,1011.76,(739)792-7629,1
USER_4,2025-07-02 01:46:00,Withdraw,0,0.0,1002.46,001-691-526-7900x5764,0
USER_4,2025-07-02 01:46:00,Pay Bill,0,0.0,1002.46,001-307-898-0911x920,1
USER_9,2025-07-02 01:46:00,Pay Bill,0,0.0,997.86,+1-384-274-0337x6976,0
USER_6,2025-07-02 01:48:00,Send Money,8,0.1,1006.42,949.809.2096x99876,0
USER_7,2025-07-02 01:50:00,Withdraw,28,0.09,996.71,360.936.6457,1
USER_4,2025-07-02 01:54:00,Send Money,25,0.15,1002.61,(347)393-9155,1
USER_5,2025-07-02 01:54:00,Deposit,1,-0.01,999.49,428.326.8874,0
USER_1,2025-07-02 01:56:00,Pay Bill,10,-0.04,999.87,(349)772-4147x083,1
USER_9,2025-07-02 01:56:00,Pay Bill,86,0.44,998.3,780.382.5214x68218,0
USER_3,2025-07-02 01:56:00,Deposit,0,-0.0,1011.76,+1-388-722-5412x7630,1
USER_9,2025-07-02 02:00:00,Withdraw,2,-0.02,998.28,633.824.0014x6853,1
USER_10,2025-07-02 02:00:00,Send Money,0,0.0,999.17,788-208-5460x75879,1
USER_9,2025-07-02 02:00:00,Buy Goods,0,0.0,998.28,+1-404-901-3263x54617,1
USER_5,2025-07-02 02:02:00,Send Money,2,-0.03,999.46,001-759-798-9815,0
USER_9,2025-07-02 02:10:00,Buy Goods,1,0.0,998.28,221.795.0885,1
USER_9,2025-07-02 02:16:00,Pay Bill,5,0.08,998.36,767-815-3923x25218,1
USER_6,2025-07-02 02:22:00,Buy Goods,1,0.0,1006.42,956.522.2604x1961,0
USER_8,2025-07-02 02:24:00,Withdraw,2,0.02,992.21,001-693-902-0133,1
USER_10,2025-07-02 02:26:00,Deposit,0,-0.0,999.17,001-701-559-5620x227,0
USER_10,2025-07-02 02:26:00,Withdraw,0,0.0,999.17,+1-647-412-8293,1
USER_6,2025-07-02 02:30:00,Send Money,0,-0.0,1006.42,646-303-2126x59970,0
USER_8,2025-07-02 02:32:00,Withdraw,15,-0.03,992.18,695.278.0810x61328,1
USER_5,2025-07-02 02:36:00,Send Money,0,0.0,999.46,230.366.5643x32562,0
USER_10,2025-07-02 02:38:00,Withdraw,12,-0.09,999.08,522.288.6940,1
USER_10,2025-07-02 02:38:00,Send Money,2,0.0,999.17,678-596-9641x9437,1
USER_9,2025-07-02 02:38:00,Send Money,0,0.0,998.36,803-837-9617x8645,0
USER_1,2025-07-02 02:40:00,Buy Goods,1,-0.01,999.86,381.401.9920,0
USER_8,2025-07-02 02:40:00,Send Money,0,0.0,992.18,512.206.4503x347,0
USER_2,2025-07-02 02:44:00,Pay Bill,12,0.08,1002.91,+1-213-511-1205x1333,1
USER_1,2025-07-02 02:44:00,Buy Goods,116,-0.23,999.63,(816)988-1446x844,0
USER_8,2025-07-02 02:44:00,Pay Bill,3,-0.02,992.16,543-290-6752x735,1
USER_4,2025-07-02 02:48:00,Pay Bill,0,-0.0,1002.61,(821)641-2728x19837,1
USER_8,2025-07-02 02:48:00,Deposit,0,-0.0,992.16,001-570-531-8746x9354,1
USER_9,2025-07-02 02:48:00,Pay Bill,0,-0.0,998.36,(421)563-0831,1
USER_9,2025-07-02 02:48:00,Send Money,7,-0.08,998.28,001-266-727-3162x974,0
USER_3,2025-07-02 02:48:00,Deposit,0,-0.0,1011.76,(586)340-2207x822,1
USER_4,2025-07-02 02:50:00,Withdraw,4,0.01,1002.62,559-661-9682x129,0
USER_9,2025-07-02 02:52:00,Deposit,0,0.0,998.28,243.386.0866x832,1
USER_3,2025-07-02 02:52:00,Withdraw,0,0.0,1011.76,+1-661-667-0754x4615,1
USER_10,2025-07-02 03:04:00,Buy Goods,0,-0.0,999.08,273-345-9659,1
USER_6,2025-07-02 03:06:00,Send Money,1,0.01,1006.43,+1-647-372-6269x86503,1
USER_4,2025-07-02 03:06:00,Deposit,6,-0.05,1002.57,(825)734-5829,0
USER_3,2025-07-02 03:06:00,Buy Goods,0,-0.0,1011.76,+1-384-299-0439x7021,1
USER_7,2025-07-02 03:08:00,Deposit,0,-0.0,996.71,(587)291-6634x76985,0
USER_8,2025-07-02 03:08:00,Withdraw,7,-0.13,992.03,(938)338-9635,0
USER_6,2025-07-02 03:10:00,Deposit,0,-0.0,1006.43,574.273.5870x348,1
USER_1,2025-07-02 03:12:00,Buy Goods,0,-0.0,999.63,+1-355-521-2237,1
USER_10,2025-07-02 03:12:00,Deposit,1,0.0,999.08,638.661.3036x3311,1
USER_7,2025-07-02 03:16:00,Buy Goods,11,-0.05,996.66,548.383.9933x8587,0
USER_1,2025-07-02 03:20:00,Withdraw,1,-0.01,999.62,436.541.6855,0
USER_8,2025-07-02 03:22:00,Buy Goods,2,-0.01,992.02,+1-538-714-7075x40184,1
USER_6,2025-07-02 03:24:00,Pay Bill,1,0.01,1006.44,001-874-980-3898x05468,0
USER_2,2025-07-02 03:24:00,Buy Goods,2,-0.0,1002.91,+1-993-281-8218x5016,1
USER_6,2025-07-02 03:28:00,Buy Goods,0,-0.0,1006.44,5768233273,0
USER_5,2025-07-02 03:28:00,Pay Bill,3,0.01,999.47,001-722-849-2758,1
USER_5,2025-07-02 03:28:00,Buy Goods,11,0.03,999.5,001-597-953-1044,1
USER_2,2025-07-02 03:30:00,Buy Goods,0,-0.0,1002.91,267.591.2590x855,1
USER_3,2025-07-02 03:32:00,Send Money,0,-0.0,1011.76,+1-874-315-7952x412,0
USER_8,2025-07-02 03:34:00,Send Money,1,-0.02,992.0,(674)438-0086x38144,1
USER_5,2025-07-02 03:34:00,Withdraw,0,-0.0,999.5,+1-770-738-6069,1
USER_10,2025-07-02 03:40:00,Buy Goods,17,-0.21,998.87,001-719-651-4195x045,1
USER_7,2025-07-02 03:40:00,Deposit,0,0.0,996.66,001-922-285-8956,0
USER_5,2025-07-02 03:40:00,Buy Goods,20,0.08,999.58,001-795-862-3401x03893,1
USER_4,2025-07-02 03:40:00,Buy Goods,24,0.06,1002.63,490-532-2056,0
USER_1,2025-07-02 03:42:00,Deposit,0,0.0,999.62,387-589-5711x444,1
USER_4,2025-07-02 03:44:00,Buy Goods,0,0.0,1002.63,9558195061,0
USER_10,2025-07-02 03:48:00,Deposit,0,0.0,998.87,9969241398,0
USER_1,2025-07-02 03:54:00,Pay Bill,5,-0.04,999.58,447-603-6380x052,0
USER_8,2025-07-02 03:58:00,Buy Goods,4,0.03,992.03,+1-713-934-8176x7701,1
USER_8,2025-07-02 03:58:00,Pay Bill,1,-0.01,992.02,(729)847-5052,0
USER_8,2025-07-02 03:58:00,Withdraw,0,-0.0,992.02,(371)299-9523,0
USER_10,2025-07-02 04:08:00,Buy Goods,0,0.0,998.87,745.914.9371,0
USER_5,2025-07-02 04:16:00,Withdraw,22,-0.2,999.38,+1-387-606-1017x16104,0
USER_10,2025-07-02 04:16:00,Send Money,0,-0.0,998.87,604.206.4225x3683,1
USER_10,2025-07-02 04:16:00,Send Money,0,0.0,998.87,+1-970-359-8089x0506,1
USER_6,2025-07-02 04:18:00,Buy Goods,0,-0.0,1006.44,+1-339-578-4494x5015,0
USER_9,2025-07-02 04:22:00,Pay Bill,3,0.02,998.3,+1-886-568-6243x4394,1
USER_7,2025-07-02 04:24:00,Withdraw,16,-0.01,996.65,001-759-998-5795x1363,0
USER_3,2025-07-02 04:26:00,Pay Bill,3,-0.01,1011.75,2805118801,0
USER_9,2025-07-02 04:30:00,Deposit,2,0.01,998.31,761.831.3576,1
USER_8,2025-07-02 04:30:00,Buy Goods,1,0.02,992.04,+1-920-341-4666x6060,1
USER_1,2025-07-02 04:36:00,Send Money,38,0.05,999.63,(674)805-1292,0
USER_10,2025-07-02 04:38:00,Send Money,6,0.01,998.88,001-860-649-4186x047,1
USER_9,2025-07-02 04:40:00,Send Money,15,-0.11,998.2,6234795140,1
USER_10,2025-07-02 04:46:00,Pay Bill,3,0.02,998.9,8469003406,0
USER_8,2025-07-02 04:48:00,Withdraw,0,0.0,992.04,001-282-717-5442x9975,1
USER_4,2025-07-02 04:50:00,Send Money,11,-0.13,1002.5,(763)912-9697x509,0
USER_5,2025-07-02 04:50:00,Buy Goods,0,0.0,999.38,001-250-776-1786x42491,1
USER_4,2025-07-02 04:50:00,Buy Goods,0,-0.0,1002.5,(321)411-0804,1
USER_9,2025-07-02 04:52:00,Withdraw,0,-0.0,998.2,801-994-5427x9585,1
USER_4,2025-07-02 04:56:00,Send Money,0,-0.0,1002.5,(804)608-6900,1
USER_2,2025-07-02 05:00:00,Pay Bill,0,-0.0,1002.91,(200)306-0017x680,0
USER_1,2025-07-02 05:00:00,Pay Bill,0,-0.0,999.63,+1-989-640-2145x01378,0
USER_8,2025-07-02 05:02:00,Withdraw,15,0.36,992.4,539.609.1004x9385,1
USER_3,2025-07-02 05:06:00,Buy Goods,0,-0.0,1011.75,001-860-969-3671x71919,0
USER_5,2025-07-02 05:10:00,Deposit,0,-0.0,999.38,549.796.5786,1
USER_7,2025-07-02 05:12:00,Withdraw,0,-0.0,996.65,648-605-4628x845,0
USER_7,2025-07-02 05:14:00,Buy Goods,5,0.02,996.67,001-858-645-8541x2656,0
USER_5,2025-07-02 05:16:00,Send Money,7,0.16,999.54,207-655-1632,0
USER_6,2025-07-02 05:22:00,Send Money,2,-0.01,1006.43,001-782-611-1581x470,1
USER_3,2025-07-02 05:22:00,Buy Goods,14,0.12,1011.87,266-850-5153,0
USER_1,2025-07-02 05:24:00,Deposit,11,-0.13,999.5,+1-412-389-0817x0606,0
USER_3,2025-07-02 05:26:00,Send Money,1,0.01,1011.88,+1-658-320-4768x233,0
USER_3,2025-07-02 05:28:00,Withdraw,1,-0.01,1011.87,692.803.0620,1
USER_8,2025-07-02 05:30:00,Deposit,0,-0.0,992.4,866.596.1605x54887,1
USER_4,2025-07-02 05:32:00,Buy Goods,0,0.0,1002.5,+1-479-962-3344,0
USER_2,2025-07-02 05:32:00,Send Money,0,0.0,1002.91,321.921.0985x30890,0
USER_5,2025-07-02 05:34:00,Buy Goods,0,0.0,999.54,813-600-3691x06709,0
USER_5,2025-07-02 05:34:00,Deposit,0,-0.0,999.54,+1-673-487-6708x88438,0
USER_5,2025-07-02 05:34:00,Buy Goods,1,0.0,999.54,599.540.8412x0754,0
USER_1,2025-07-02 05:36:00,Send Money,652,4.57,1004.07,636.449.3104,0
USER_2,2025-07-02 05:36:00,Withdraw,0,0.0,1002.91,(261)883-2385,0
USER_6,2025-07-02 05:38:00,Send Money,0,-0.0,1006.43,568-811-3058,1
USER_7,2025-07-02 05:40:00,Withdraw,0,-0.0,996.67,+1-398-813-6386x2544,0
USER_5,2025-07-02 05:40:00,Deposit,1,0.01,999.55,(208)524-2129x77079,0
USER_3,2025-07-02 05:40:00,Withdraw,1,-0.01,1011.86,+1-363-553-2936,0
USER_6,2025-07-02 05:42:00,Deposit,13,-0.01,1006.42,309-956-6840,0
USER_5,2025-07-02 05:44:00,Withdraw,0,0.0,999.55,705.230.3498,1
USER_9,2025-07-02 05:46:00,Buy Goods,0,0.0,998.2,6147554733,0
USER_7,2025-07-02 05:46:00,Send Money,1,-0.01,996.66,001-472-783-4162x6063,1
USER_8,2025-07-02 05:52:00,Buy Goods,0,0.0,992.4,358.464.7589,0
USER_7,2025-07-02 05:52:00,Send Money,0,-0.0,996.66,249.660.2585,1
USER_5,2025-07-02 05:56:00,Withdraw,3,0.0,999.55,378.717.8359,1
USER_9,2025-07-02 06:00:00,Send Money,0,-0.0,998.2,(393)628-0417,0
USER_3,2025-07-02 06:02:00,Withdraw,1,-0.01,1011.85,473.874.5340,0
USER_2,2025-07-02 06:04:00,Buy Goods,2,0.0,1002.91,221.315.6714x379,0
USER_1,2025-07-02 06:08:00,Send Money,2,-0.04,1004.03,+1-697-897-2326x463,1
USER_8,2025-07-02 06:08:00,Pay Bill,6,-0.14,992.26,832-485-2705x6334,0
USER_1,2025-07-02 06:10:00,Buy Goods,4,-0.08,1003.95,(872)322-3883x0284,1
USER_5,2025-07-02 06:10:00,Withdraw,4,0.04,999.59,6087110664,0
USER_3,2025-07-02 06:12:00,Withdraw,7,-0.01,1011.84,473.363.3139x771,0
USER_1,2025-07-02 06:18:00,Withdraw,0,0.0,1003.95,7002848103,0
USER_5,2025-07-02 06:18:00,Buy Goods,88,-0.92,998.67,327-909-8919,1
USER_10,2025-07-02 06:20:00,Deposit,118,0.59,999.49,+1-496-691-6478x44888,0
USER_4,2025-07-02 06:22:00,Send Money,0,-0.0,1002.5,683-856-8739,0
USER_5,2025-07-02 06:26:00,Pay Bill,0,0.0,998.67,(963)410-9485,1
USER_3,2025-07-02 06:28:00,Withdraw,0,0.0,1011.84,251-765-3318x11901,0
USER_1,2025-07-02 06:30:00,Pay Bill,0,-0.0,1003.95,3098404474,0
USER_7,2025-07-02 06:30:00,Pay Bill,0,-0.0,996.66,001-225-627-3209x510,0
USER_8,2025-07-02 06:30:00,Pay Bill,0,0.0,992.26,+1-249-315-7581x75325,1
USER_10,2025-07-02 06:34:00,Buy Goods,0,-0.0,999.49,+1-307-315-1046x1270,1
USER_7,2025-07-02 06:34:00,Withdraw,0,-0.0,996.66,+1-540-550-9037,1
USER_10,2025-07-02 06:36:00,Deposit,0,-0.0,999.49,874.826.0619x5422,0
USER_9,2025-07-02 06:40:00,Deposit,0,-0.0,998.2,8543663674,1
USER_5,2025-07-02 06:40:00,Buy Goods,0,0.0,998.67,+1-346-344-6240x4084,1
USER_10,2025-07-02 06:40:00,Withdraw,2,-0.0,999.49,679-683-4024,0
USER_3,2025-07-02 06:42:00,Pay Bill,0,0.0,1011.84,001-437-912-0620x06195,1
USER_1,2025-07-02 06:42:00,Pay Bill,3,0.02,1003.97,726-862-8655x41744,1
USER_7,2025-07-02 06:48:00,Deposit,3,-0.0,996.66,(542)402-1078x7032,0
USER_4,2025-07-02 06:50:00,Send Money,8,0.05,1002.22,(850)345-1491,1
USER_4,2025-07-02 06:50:00,Pay Bill,45,-0.33,1002.17,3017710448,0
USER_4,2025-07-02 06:52:00,Deposit,0,0.0,1002.22,(945)390-9770x1948,0
USER_7,2025-07-02 06:54:00,Pay Bill,0,-0.0,996.66,+1-541-796-2032x055,1
USER_7,2025-07-02 06:54:00,Deposit,0,0.0,996.66,(877)972-2083x6549,0
USER_6,2025-07-02 06:56:00,Deposit,0,-0.0,1006.42,(797)715-4878,0
USER_2,2025-07-02 07:06:00,Deposit,27,0.32,1003.23,(313)586-1672x1304,0
USER_4,2025-07-02 07:06:00,Withdraw,9,-0.06,1002.16,001-638-364-5529,1
USER_3,2025-07-02 07:06:00,Deposit,0,0.0,1011.84,784-941-1016x711,0
USER_1,2025-07-02 07:08:00,Buy Goods,0,0.0,1003.97,299-745-8520,1
USER_3,2025-07-02 07:10:00,Buy Goods,0,-0.0,1011.84,+1-635-951-0344x61679,0
USER_4,2025-07-02 07:10:00,Pay Bill,2,-0.01,1002.15,+1-789-366-3205x96845,0
USER_2,2025-07-02 07:10:00,Send Money,1,-0.01,1003.22,001-200-279-2223x40221,1
USER_2,2025-07-02 07:12:00,Send Money,5,0.07,1003.29,836-592-4099x66736,1
USER_10,2025-07-02 07:12:00,Withdraw,2,-0.02,999.47,730.952.8917x724,0
USER_4,2025-07-02 07:16:00,Buy Goods,2,0.01,1002.16,001-918-568-5491x8429,1
USER_9,2025-07-02 07:16:00,Withdraw,2,-0.0,998.2,386-665-8985x38859,1
USER_4,2025-07-02 07:16:00,Deposit,0,-0.0,1002.15,(378)505-4907,1
USER_7,2025-07-02 07:18:00,Pay Bill,0,0.0,996.66,001-382-231-5464x1133,1
USER_1,2025-07-02 07:18:00,Send Money,0,-0.0,1003.97,488.299.2909x584,0
USER_6,2025-07-02 07:26:00,Buy Goods,0,0.0,1006.42,581.355.9246x9901,0
USER_3,2025-07-02 07:26:00,Deposit,220,2.6,1014.44,6089047871,1
USER_9,2025-07-02 07:32:00,Withdraw,0,0.0,998.2,(730)500-7509,1
USER_6,2025-07-02 07:32:00,Withdraw,0,0.0,1006.42,411-584-4533x04530,1
USER_7,2025-07-02 07:34:00,Withdraw,2,0.02,996.68,877.527.9832,0
USER_8,2025-07-02 07:36:00,Withdraw,1,0.01,992.27,4305109883,0
USER_2,2025-07-02 07:38:00,Deposit,0,-0.0,1003.29,474.646.2160x53752,0
USER_3,2025-07-02 07:42:00,Pay Bill,9,0.03,1014.47,2977482127,1
USER_3,2025-07-02 07:42:00,Withdraw,0,-0.0,1014.44,478-721-0474x25114,1
USER_3,2025-07-02 07:44:00,Pay Bill,43,0.27,1014.74,622.768.1040x527,0
USER_1,2025-07-02 07:48:00,Pay Bill,2,0.02,1003.99,(387)430-2371x18859,0
USER_8,2025-07-02 07:48:00,Pay Bill,2,0.02,992.29,+1-445-402-3153x587,1
USER_5,2025-07-02 07:48:00,Deposit,0,-0.0,998.67,+1-885-453-7660x180,1
USER_8,2025-07-02 07:48:00,Pay Bill,0,0.0,992.29,984.921.8539x75320,0
USER_1,2025-07-02 07:50:00,Buy Goods,11,-0.09,1003.9,001-453-220-8299,0
USER_10,2025-07-02 07:52:00,Pay Bill,1,0.02,999.49,001-394-909-4230x188,1
USER_6,2025-07-02 07:52:00,Deposit,110,-2.61,1003.81,281-868-5783,0
USER_3,2025-07-02 07:54:00,Deposit,0,-0.0,1014.74,(829)933-2899x54762,0
USER_10,2025-07-02 07:54:00,Buy Goods,0,-0.0,999.49,699-817-2886x691,1
USER_10,2025-07-02 07:54:00,Send Money,0,-0.0,999.49,9484537023,1
USER_3,2025-07-02 07:58:00,Buy Goods,0,0.0,1014.74,(429)637-3011,1
USER_2,2025-07-02 08:02:00,Buy Goods,1,0.01,1003.3,255.378.5034x4125,1
USER_9,2025-07-02 08:02:00,Withdraw,0,0.0,998.2,448.760.4491,0
USER_4,2025-07-02 08:04:00,Withdraw,0,0.0,1002.16,771-962-9919x714,0
USER_5,2025-07-02 08:06:00,Pay Bill,324,1.12,999.79,(944)266-9714,1
USER_3,2025-07-02 08:08:00,Buy Goods,0,0.0,1014.74,849.629.5234,0
USER_9,2025-07-02 08:12:00,Withdraw,20,0.33,998.53,+1-800-929-5623x7734,1
USER_5,2025-07-02 08:12:00,Send Money,0,0.0,999.79,427.227.0645x030,0
USER_5,2025-07-02 08:16:00,Withdraw,0,0.0,999.79,4714586530,0
USER_8,2025-07-02 08:20:00,Send Money,1,-0.01,992.28,001-596-380-2781x3782,1
USER_7,2025-07-02 08:24:00,Pay Bill,60,0.44,997.12,001-518-859-0740x13513,0
USER_8,2025-07-02 08:24:00,Send Money,0,0.0,992.28,940-366-1456x30827,1
USER_5,2025-07-02 08:24:00,Buy Goods,4,0.02,999.81,(579)706-9179x33897,0
USER_5,2025-07-02 08:24:00,Send Money,0,0.0,999.79,523.660.6084,0
USER_6,2025-07-02 08:26:00,Withdraw,0,0.0,1003.81,001-916-461-2102x5025,1
USER_10,2025-07-02 08:28:00,Withdraw,0,-0.0,999.49,699.533.8401x07396,1
USER_6,2025-07-02 08:28:00,Buy Goods,0,-0.0,1003.81,+1-250-948-8192,0
USER_7,2025-07-02 08:30:00,Deposit,0,-0.0,997.12,219.748.7868x125,1
USER_5,2025-07-02 08:30:00,Buy Goods,1,0.0,999.81,9974908396,0
USER_10,2025-07-02 08:32:00,Withdraw,1,0.01,999.5,274-977-4591,0
USER_6,2025-07-02 08:34:00,Send Money,3,0.03,1003.84,001-976-266-1609,1
USER_3,2025-07-02 08:36:00,Withdraw,3,0.03,1014.77,750-530-4577,0
USER_2,2025-07-02 08:40:00,Deposit,6,0.03,1003.33,691.362.7362x9383,0
USER_1,2025-07-02 08:40:00,Pay Bill,3,0.02,1003.92,759.284.3196,1
USER_3,2025-07-02 08:40:00,Withdraw,0,0.0,1014.77,560-861-6811x26861,1
USER_5,2025-07-02 08:42:00,Send Money,0,-0.0,999.81,001-802-999-0564x4730,0
USER_7,2025-07-02 08:44:00,Buy Goods,0,0.0,997.11,694.214.0659,0
USER_7,2025-07-02 08:44:00,Buy Goods,5,-0.01,997.11,(594)636-3992x570,0
USER_2,2025-07-02 08:44:00,Buy Goods,1,-0.0,1003.33,+1-586-799-7468x748,0
USER_6,2025-07-02 08:44:00,Withdraw,0,-0.0,1003.84,641-746-1843x86883,0
USER_4,2025-07-02 08:46:00,Withdraw,0,0.0,1002.16,766-499-5613,1
USER_10,2025-07-02 08:46:00,Deposit,10,0.19,999.69,537-301-3335x128,0
USER_6,2025-07-02 08:48:00,Withdraw,0,0.0,1003.84,(266)918-3813x2883,0
USER_10,2025-07-02 08:50:00,Buy Goods,2,0.01,999.7,623.277.1699x3397,0
USER_3,2025-07-02 08:54:00,Pay Bill,4,0.01,1014.78,415.693.6626,0
USER_6,2025-07-02 08:54:00,Withdraw,0,-0.0,1003.84,001-568-274-3702x3557,0
USER_9,2025-07-02 08:56:00,Deposit,0,-0.0,998.53,001-548-502-2156,1
USER_4,2025-07-02 08:56:00,Withdraw,3,-0.04,1002.12,443.611.2074x14201,1
USER_5,2025-07-02 08:56:00,Deposit,3,-0.02,999.79,+1-529-713-6874x521,0
USER_3,2025-07-02 08:58:00,Buy Goods,1,-0.02,1014.76,496.302.5486x43461,1
USER_3,2025-07-02 08:58:00,Send Money,1,0.01,1014.77,+1-735-815-5205,0
USER_10,2025-07-02 08:58:00,Pay Bill,3,0.02,999.72,807-684-3252x368,1
USER_3,2025-07-02 08:58:00,Withdraw,0,-0.0,1014.78,625.642.8744,1
USER_3,2025-07-02 09:00:00,Buy Goods,3,0.04,1014.81,(963)772-8426x77617,1
USER_9,2025-07-02 09:04:00,Buy Goods,0,-0.0,998.53,278-785-4662x584,1
USER_7,2025-07-02 09:04:00,Pay Bill,0,-0.0,997.11,582-309-3402,0
USER_2,2025-07-02 09:06:00,Buy Goods,0,-0.0,1003.33,807-363-9350x8107,1
USER_6,2025-07-02 09:06:00,Buy Goods,1,0.01,1003.85,(236)758-7892,0
USER_8,2025-07-02 09:08:00,Buy Goods,0,-0.0,992.28,667.576.2099x289,1
USER_8,2025-07-02 09:08:00,Pay Bill,0,-0.0,992.28,313.467.6934x338,0
USER_6,2025-07-02 09:12:00,Deposit,0,-0.0,1003.85,+1-304-998-7734x2134,0
USER_1,2025-07-02 09:14:00,Buy Goods,0,-0.0,1003.92,(674)596-7165,0
USER_8,2025-07-02 09:14:00,Pay Bill,2,-0.0,992.28,001-830-459-6863x82691,1
